"","logFC","AveExpr","t","P.Value","adj.P.Val","B","threshold"
"HAMP",-5.00466131681334,11.106314173954,-14.6258610810781,9.14942237129235e-32,2.08011391466699e-29,61.5966812661112,"Down"
"CYP1A2",-4.75493362009219,10.2304438655904,-13.1341903680395,1.47067057094055e-27,1.49393011259444e-25,51.9993019235406,"Down"
"FCN3",-4.64250802622986,10.1483745829621,-18.4673922692292,2.79601314243112e-42,2.10775243363373e-39,85.5702114764813,"Down"
"MT1H",-4.2102290171704,10.464111430184,-12.9986252602329,3.55693699436288e-27,3.28683926259739e-25,51.1241249833768,"Down"
"MT1G",-4.04121777976315,12.0269564757232,-12.183038269026,7.21778044876366e-25,4.16350589041584e-23,45.860012820272,"Down"
"MT1F",-3.74017148664907,10.9918008405383,-13.4804159468418,1.5433265615041e-28,1.87331070681552e-26,54.2332934588441,"Down"
"CYP3A4",-3.69003116209629,10.9569133125318,-10.3111147884724,1.27713157912783e-19,2.72613347359879e-18,33.8955356626279,"Down"
"GPC3",3.53202764466267,9.87645012967972,10.9601304275972,1.99629515630498e-21,5.9076313065612e-20,38.0110976466032,"Up"
"THRSP",-3.48956744891433,9.66764513976637,-12.8240998025818,1.10904653864168e-26,9.23539161218883e-25,49.9972742457451,"Down"
"DCN",-3.45060689523417,10.2651938753316,-12.2567326596655,4.46762842118617e-25,2.69999332812867e-23,46.3352516670282,"Down"
"HSD17B13",-3.36856182261322,9.32638604266704,-13.3904771426738,2.77134262516724e-28,3.20112422744116e-26,53.6531857734605,"Down"
"C9",-3.27950508491884,10.6559597504927,-10.7824111133009,6.26126735859115e-21,1.70819299765907e-19,36.8795513978622,"Down"
"MT1E",-3.25852386470352,12.3141277442956,-11.1347547317388,6.47522102726507e-22,2.08414810727006e-20,39.1257886781211,"Down"
"CLEC1B",-3.24370259862771,7.75029456610532,-22.090323988257,1.50764134339632e-51,5.39848674036637e-48,106.648295275255,"Down"
"MT1M",-3.20878037255516,9.23550401527135,-10.5780627688434,2.32169897595711e-20,5.64578852846072e-19,35.5825130859682,"Down"
"APOF",-3.20678908872942,10.4501364030726,-13.911363593621,9.36802146457372e-30,1.50761990378752e-27,57.0098267562381,"Down"
"MT1X",-3.12603789680586,12.3047344268584,-11.1490206631397,5.9055540193556e-22,1.90937359411355e-20,39.2169685159486,"Down"
"AKR1B10",3.0648828793172,10.4606054166599,8.14284299795641,8.36146531903374e-14,6.28008745487783e-13,20.669555207855,"Up"
"SLC25A47",-2.99067831859995,9.16866394214165,-15.8889363939837,2.7598605490901e-35,1.12941378984622e-32,69.6278281385031,"Down"
"CLEC4G",-2.96349531805415,7.98289395438935,-23.6981985641188,1.9637197836661e-55,1.40631792307248e-51,115.46178110311,"Down"
"NAT2",-2.94050777735634,8.90802146332694,-16.1032294583417,7.06148792075923e-36,3.37138971630115e-33,70.977972697513,"Down"
"HGFAC",-2.88762886238664,10.1033193140312,-10.3445185398962,1.03226117324034e-19,2.24350030725409e-18,34.1061353294221,"Down"
"SPINK1",2.88756199477831,10.8082591445313,6.69355888464422,3.1219598429283e-10,1.39085010358513e-09,12.5874689114652,"Up"
"IGFALS",-2.85040232740606,8.8849413429392,-16.649666794114,2.22531590117737e-37,1.32804998552348e-34,74.4018685831064,"Down"
"ADH4",-2.81053412774805,12.6100374054754,-8.97335083719863,5.56946615181615e-16,6.00688732623966e-15,25.6123177694199,"Down"
"SLC22A1",-2.75777699667679,10.17468656183,-10.4534370597246,5.15153519969907e-20,1.17868112883849e-18,34.7938361382233,"Down"
"ECM1",-2.75000667073385,8.30921405532554,-23.3838585782066,1.10034367718086e-54,5.25340749608713e-51,113.765159262221,"Down"
"CYP2A6",-2.69017509168583,9.91347984195781,-8.14797479006315,8.11115873668557e-14,6.1048936723882e-13,20.6994983394901,"Down"
"NNMT",-2.65358793537898,11.1093140590944,-9.55452168900449,1.51869266519234e-17,2.16655727525398e-16,29.1703980576597,"Down"
"FCN2",-2.64412527607206,7.66593338916291,-24.7424510935782,7.00101106818779e-58,1.00275481529654e-53,121.006501420052,"Down"
"FOSB",-2.62009511380645,9.4130740615155,-11.9387102877429,3.5368229449212e-24,1.80277277722798e-22,44.2855948106351,"Down"
"GCGR",-2.59030969947657,10.444650249401,-8.39735088497138,1.83527138627408e-14,1.53364014385085e-13,22.1640874043539,"Down"
"C7",-2.57999996882481,8.90689954615117,-10.0433203700983,6.99906840484333e-19,1.24531250636734e-17,32.2127826758201,"Down"
"ADH1B",-2.57780146806805,10.9436965663826,-11.389237717804,1.24982258132255e-22,4.67425783014921e-21,40.7546639380665,"Down"
"TOP2A",2.57772383791807,9.08932885743598,14.3484298699518,5.50391599885482e-31,1.03727090594207e-28,59.8186277656188,"Up"
"NPW",-2.57355132320029,9.86410106942599,-9.64507652298467,8.61356930138741e-18,1.26276512900483e-16,29.7309027468541,"Down"
"CYP2A7",-2.56509376086153,8.99913986058746,-10.1963911653407,2.650083974356e-19,5.19249695823542e-18,33.1733918116891,"Down"
"ACSL4",2.52948060434073,10.2717871573693,10.0698884823076,5.91474497754791e-19,1.07372487089251e-17,32.3792647444037,"Up"
"MT2A",-2.51280391582172,12.9862298663349,-11.1991618230917,4.27206754949894e-22,1.42299589561566e-20,39.5375732996194,"Down"
"AKR1B15",2.5123321001809,9.06113698815726,7.8560233759491,4.51326666559991e-13,3.06077265394827e-12,19.0092827247614,"Up"
"CYP26A1",-2.50787723643127,8.24357753011545,-16.3613455463342,1.3745571519269e-36,7.03135074537463e-34,72.5987710282349,"Down"
"DNASE1L3",-2.47642970460389,9.78924389036179,-13.7732815575,2.29747584707653e-29,3.22615162330168e-27,56.1208260962044,"Down"
"FOS",-2.47121578911141,10.0757857582873,-11.3417828694403,1.69909124449495e-22,6.19238775951685e-21,40.4505565641632,"Down"
"SLCO1B3",-2.43475104415418,8.83836371294803,-9.51597588889753,1.93246600051968e-17,2.69773007070599e-16,28.9322764558997,"Down"
"GBA3",-2.4319865340807,10.3325972361896,-10.418267563778,6.44870736880526e-20,1.45227728999053e-18,34.5716142556638,"Down"
"MT1A",-2.43168600436984,13.1583437016928,-10.8431343747161,4.23822319329467e-21,1.18794659095029e-19,37.2658291097904,"Down"
"SDS",-2.42828916353469,10.6639685962734,-7.69845919267978,1.12695154101387e-12,7.24476073695766e-12,18.1088120228206,"Down"
"CETP",-2.41451682849059,8.89160865725071,-18.6430951602904,9.57546627089171e-43,8.57183771237387e-40,86.6300651417782,"Down"
"LY6E",-2.40254289909782,11.2979689172654,-11.316316491029,2.003370186335e-22,7.10254237100896e-21,40.2874243482581,"Down"
"LCAT",-2.38483175439529,8.99918349313589,-15.3508640989003,8.6003892508617e-34,2.79962216454755e-31,66.2208515933545,"Down"
"AADAT",-2.37424362368973,9.07621829718955,-18.1156921165221,2.41362444518166e-41,1.72851714641685e-38,83.4378800489687,"Down"
"SHBG",-2.37089013079188,9.9268183107656,-11.2215569669393,3.69661023157141e-22,1.24873934780182e-20,39.6808331865473,"Down"
"BBOX1",-2.35155506684581,9.22712730427038,-9.70540948547348,5.89859148608866e-18,8.86521782321593e-17,30.105171466673,"Down"
"KBTBD11",-2.34620719329966,8.3800648245289,-15.272970211603,1.41756003876708e-33,4.41385052940453e-31,65.7257705384147,"Down"
"SERPINA11",-2.33705589283826,11.0507984122885,-9.7476842789977,4.52241748029795e-18,6.9426136731305e-17,30.3678021805336,"Down"
"INMT",-2.33705435395189,8.21908559056012,-13.8927515783714,1.05716992975991e-29,1.62815536601626e-27,56.8900389443753,"Down"
"FAM134B",-2.33387602677922,8.8517720150571,-11.413900544653,1.06539401868746e-22,4.04764947736353e-21,40.9127729730532,"Down"
"PTH1R",-2.32954391877848,8.0118097093021,-18.6112452000992,1.16253325279978e-42,9.30375165784466e-40,86.4382145568001,"Down"
"CYP2E1",-2.31158566408051,13.4190437251812,-6.09610235240435,7.22983985159114e-09,2.65997935253891e-08,9.51573047010976,"Down"
"MDK",2.30577539369603,9.92922809405004,10.1935986095574,2.69753474333552e-19,5.26646536109186e-18,33.1558364632979,"Up"
"RDH16",-2.29415212607034,11.9598886806669,-9.40110335020755,3.95598485064181e-17,5.25617541890006e-16,28.2243358052447,"Down"
"C1QTNF1",-2.29162173440881,8.77839886630992,-14.8708543189319,1.88284328277939e-32,4.90326624349985e-30,63.1631528982068,"Down"
"GHR",-2.28838906927794,10.8311841413646,-11.7084173464011,1.57869416473293e-23,7.12177764807829e-22,42.8037812901719,"Down"
"BCHE",-2.26239492681173,10.758172060837,-9.34099975180589,5.74932452797624e-17,7.41870046974808e-16,27.854970182654,"Down"
"CDHR2",-2.2489426710194,8.488426970694,-18.6103036517378,1.16922104196889e-42,9.30375165784466e-40,86.4325412399987,"Down"
"CDC20",2.24885492854778,8.76035935315904,13.1828775055567,1.07098773724404e-27,1.10357966622636e-25,52.3135687053563,"Up"
"UBE2C",2.24642049188051,8.74887347066999,13.1448937048397,1.3716257016905e-27,1.40327106609379e-25,52.0683925120286,"Up"
"F9",-2.2350491386649,11.5073061966968,-9.50909359826261,2.01735886040609e-17,2.80803021939713e-16,28.8897899356835,"Down"
"ID1",-2.23433771504569,9.20566674858244,-12.5899928263242,5.09831032056116e-26,3.744774293405e-24,48.4857947792615,"Down"
"TACSTD2",-2.23135212472306,8.01422573292662,-11.8006840579322,8.67203721216747e-24,4.07244554065163e-22,43.3971769185016,"Down"
"CRHBP",-2.22534023513124,7.97457500256858,-19.1775048829631,3.76080754852612e-44,5.38660465175395e-41,89.830982039759,"Down"
"UGP2",-2.21878924650342,9.61229647114019,-12.9382359829502,5.27180887475921e-27,4.6899452492656e-25,50.7342232448256,"Down"
"CXCL12",-2.21656625702044,9.1567832648714,-13.5375420766621,1.06419565764814e-28,1.33705915828898e-26,54.6016603762588,"Down"
"IGLL1",-2.21649260180187,10.8593781452878,-6.1118745126925,6.66879284917881e-09,2.4681426351108e-08,9.5945374136919,"Down"
"ZG16",-2.21344792371016,8.74791254452312,-13.6431904671335,5.35257264878418e-29,6.96953618623053e-27,55.2826882711857,"Down"
"FAM13A",-2.20257103882984,9.05190802317633,-14.478919614802,2.36545585128108e-31,4.77189072646464e-29,60.6554548816365,"Down"
"BGN",-2.19722477682814,12.1506112331911,-11.3798809455651,1.327852856242e-22,4.93995752206603e-21,40.6946901198287,"Down"
"CYP2C8",-2.19439242718201,12.9120150183259,-7.56508504929038,2.42930843754077e-12,1.48253024077104e-11,17.3533776963588,"Down"
"SQLE",2.19338474915736,10.2461925414453,12.361575756815,2.25738614044128e-25,1.4498897618628e-23,47.0115896312581,"Up"
"DBH",-2.18810246045057,7.85199753603526,-20.7175166715687,4.05014131194684e-48,9.66836233516909e-45,98.8574497083323,"Down"
"CYP8B1",-2.18689976051334,11.7122871351955,-7.98451944609973,2.12726860730385e-13,1.5038928066344e-12,19.749813088036,"Down"
"CPED1",-2.18660971392889,9.51245070658113,-13.9041659118788,9.81632524901902e-30,1.52825246240978e-27,56.9635036761948,"Down"
"HEPACAM",-2.16973660287517,8.9211607795135,-7.96197251422339,2.42831533275085e-13,1.70493924073482e-12,19.6194821613895,"Down"
"CAP2",2.16001893983576,9.87469435144371,16.3085866434633,1.91966399804487e-36,9.48115429103333e-34,72.2679770510595,"Up"
"ADH1C",-2.15318396319372,12.0827179914545,-7.09701426606185,3.42138080591063e-11,1.73836244352813e-10,14.7550506422507,"Down"
"IGFBP3",-2.14431808895606,10.9457316648858,-13.0341311639462,2.82234663220765e-27,2.65950465875725e-25,51.3533578174876,"Down"
"ADIRF",-2.13481527050272,10.3848561320197,-9.55834523365393,1.48280346380175e-17,2.12381940120325e-16,29.1940337848104,"Down"
"ATOH8",-2.12669074790803,8.09570422519324,-16.5819644584995,3.41014097584936e-37,1.87859419988809e-34,73.9791901628014,"Down"
"TAT",-2.11698966964113,11.9004299960953,-7.29405790975177,1.1348572825285e-11,6.21351714742193e-11,15.8384791835936,"Down"
"ENO3",-2.11427399919162,10.0779971712447,-9.16449712603073,1.71637688226624e-16,2.05034746327767e-15,26.774611194929,"Down"
"IGF1",-2.09077085988664,8.65138036492614,-12.1064587901384,1.18801310471193e-24,6.51950639800346e-23,45.3663312209018,"Down"
"PGLYRP2",-2.09026011972869,11.8965184265554,-8.68240075938328,3.2885481736605e-15,3.14852108899327e-14,23.8597933898251,"Down"
"VIPR1",-2.08573248072356,8.27199254922143,-18.8907968885028,2.12675661600502e-43,2.17582392935999e-40,88.1179859760429,"Down"
"WDR72",-2.07373014894826,9.862899096646,-9.23736852605505,1.09354698368743e-16,1.35141272194607e-15,27.2198511159823,"Down"
"KDM8",-2.06471400698127,8.1262363283904,-18.9156391073209,1.82959636023121e-43,2.01579297443013e-40,88.2668047918993,"Down"
"CSRNP1",-2.04953178621864,10.6673350217717,-14.5878967237556,1.16929514949067e-31,2.57658683479306e-29,61.3536189642378,"Down"
"AFM",-2.04209272884826,12.6652224242065,-9.23036118412528,1.14204680321548e-16,1.40408037445969e-15,27.1769870783429,"Down"
"PCK1",-2.01924582854018,10.5588479138965,-8.44824577907961,1.35226122854017e-14,1.15909261378701e-13,22.46521500543,"Down"
"HBA2",-2.00109427218575,10.9376695477177,-10.614080135447,1.84344886111504e-20,4.59995087765693e-19,35.8107855788033,"Down"
"ADGRG7",-1.99731916197416,8.58225935462132,-15.2354948646324,1.80310463625886e-33,5.3803891052366e-31,65.4874243602563,"Down"
"ASPM",1.99019648363761,8.90722071020813,14.8276278946966,2.48793156318626e-32,6.14390409991668e-30,62.8870347807028,"Up"
"ALDH8A1",-1.98719627242609,10.2572940449276,-13.3707730720646,3.15063850185243e-28,3.61012762096259e-26,53.5260708313526,"Down"
"PRC1",1.98600664911082,8.69113887604009,14.4105147199183,3.6823675750874e-31,7.22500695588724e-29,60.2168872355774,"Up"
"STEAP3",-1.97841310590694,9.83502367710066,-12.9646617697411,4.43794001609856e-27,4.02307688927719e-25,50.9048428788313,"Down"
"SAA1",-1.9758035769432,10.8004114217778,-5.96957520455914,1.37596209540304e-08,4.88302901200639e-08,8.8882486240477,"Down"
"MARCO",-1.97186379754229,7.70005875311873,-20.6511102941241,5.9696624409778e-48,1.22147821631607e-44,98.4744163155303,"Down"
"MFAP4",-1.96994626046512,8.3459817321796,-12.5121027686623,8.46848244703661e-26,6.06470370444527e-24,47.9830063137118,"Down"
"C8orf4",-1.95527604377571,9.2709953318128,-13.6578679855763,4.86529561203399e-29,6.39317697717091e-27,55.3772771965988,"Down"
"ASPG",-1.94899761746037,8.77111263049003,-11.3778078906501,1.34578879752933e-22,4.99371319870792e-21,40.6814033344699,"Down"
"SPP2",-1.92952183015336,11.4095018332563,-6.90836374830915,9.70127815954494e-11,4.63480343826425e-10,13.7327486442695,"Down"
"STAB2",-1.92366079428894,7.50052292875133,-20.4423720837608,2.02810481766359e-47,3.63106816292446e-44,97.2667342427738,"Down"
"CRP",-1.92361290913886,12.2193355414603,-5.08031459077807,9.95239325816579e-07,2.72819384950638e-06,4.73251252697299,"Down"
"TTC36",-1.92168696428033,7.75989880804712,-18.7674736817072,4.49426623620122e-43,4.29142502007401e-40,87.3781124915934,"Down"
"PAMR1",-1.91987169052282,7.7785671914231,-19.0966018955952,6.1259773805299e-44,7.97657945648453e-41,89.3486215844225,"Down"
"SLC10A1",-1.90811859466275,11.6046001394044,-6.5664854712053,6.17507177236791e-10,2.64332196639646e-09,11.9197601703073,"Down"
"COLEC11",-1.90682391619525,10.3103610886614,-9.44947913201101,2.92654508160954e-17,3.98071274490916e-16,28.5221533308747,"Down"
"KLKB1",-1.90532324895542,10.8416625285717,-12.6923316427755,2.61721568185091e-26,2.00461926262838e-24,49.1464937415574,"Down"
"EVC2",-1.90485772998148,9.06032972690655,-13.0905127546274,1.95472517574245e-27,1.91763895151775e-25,51.7173476745694,"Down"
"EGR1",-1.90278729145039,10.6152143120317,-10.586684803171,2.19700553649424e-20,5.38968729696949e-19,35.6371446013985,"Down"
"FBP1",-1.90228957987236,12.518703487223,-9.85001892887294,2.37436245267601e-18,3.83404660763005e-17,31.0048246087265,"Down"
"CLRN3",-1.89918435093566,9.33464327117256,-8.18190596292015,6.63321229167614e-14,5.05627991770502e-13,20.897684217942,"Down"
"CHST4",-1.89842903877769,7.74543804347966,-15.1589161159848,2.94885465680205e-33,8.44728904987517e-31,65.0000625430185,"Down"
"ATF5",-1.89670939659904,12.1260225354713,-8.18367610928224,6.56390780618684e-14,5.00611562875474e-13,20.9080329761996,"Down"
"CXCL2",-1.87630837928168,9.44165267581253,-9.60714238177088,1.09252431949617e-17,1.58543321460421e-16,29.4959189556775,"Down"
"SOCS2",-1.87226261915537,10.0276087229929,-11.4547521603016,8.17752217451285e-23,3.14856586305235e-21,41.1747544620977,"Down"
"KMO",-1.86732381262733,8.88778763564558,-11.6168151718992,2.86038610067419e-23,1.21570653174945e-21,42.2150912447399,"Down"
"CDKN3",1.86440168898176,8.09469281071924,13.9731107884017,6.27372324026575e-30,1.03285675827961e-27,57.4071398236819,"Up"
"PTTG1",1.86005399879696,9.33186107514695,13.7008699548088,3.6785461065287e-29,4.9240949424122e-27,55.6543651697895,"Up"
"GSTZ1",-1.85992795126779,9.15498189548645,-13.5833105567307,7.90147260757179e-29,1.00152913414381e-26,54.8967294802791,"Down"
"RDH5",-1.85693405015882,9.90934212714753,-12.3891499020105,1.88632935630729e-25,1.22808615319951e-23,47.1895079892283,"Down"
"C8A",-1.85302443484171,12.6838395261289,-10.1857318879795,2.83580661435628e-19,5.51864920345449e-18,33.1063884100461,"Down"
"ALPL",-1.84650988144429,9.91115439045671,-10.6363051043137,1.59877135426792e-20,4.03865998362953e-19,35.9517178570708,"Down"
"ADAMTSL2",-1.84537829444613,8.95720196263134,-10.1312585263967,4.00778316808801e-19,7.57301824756261e-18,32.7642269420231,"Down"
"SAA4",-1.8384780862119,13.2310289179741,-8.03753256417848,1.55739426755248e-13,1.12319023636224e-12,20.0568967415049,"Down"
"CYP4F2",-1.83221834224202,9.94038768721936,-9.94776519313685,1.28113603933928e-18,2.17671547941358e-17,31.6149078700699,"Down"
"GADD45G",-1.83094676087193,10.5101361046079,-9.77723991147265,3.75517222177541e-18,5.83355007944568e-17,30.5515999058512,"Down"
"NEK2",1.82983866498084,8.32403821720259,14.1871822529863,1.5645400026539e-30,2.87293672538613e-28,58.7833694854433,"Up"
"CYR61",-1.82740993898177,9.58189850163098,-11.0899254117944,8.64741710571759e-22,2.72812676663421e-20,38.8393746835651,"Down"
"TPR",-1.81464169719264,12.1758681217454,-7.88375231582689,3.83874430094136e-13,2.6269629537689e-12,19.168624629497,"Down"
"TDO2",-1.8136259951453,11.722752692289,-6.85309431976349,1.31293006996278e-10,6.15954713137142e-10,13.4361213221403,"Down"
"NCAPG",1.81338790636562,8.04853483913076,14.2024548802851,1.41706564369772e-30,2.63592613177693e-28,58.8814774910702,"Up"
"GLS2",-1.81313642436972,9.35237325070998,-7.99220306219094,2.03337530075458e-13,1.44178388280732e-12,19.7942652573325,"Down"
"PROZ",-1.81300589314244,8.78437208440055,-11.1931584669364,4.44098267302229e-22,1.46901142784522e-20,39.4991770081848,"Down"
"PNPLA7",-1.81053184053599,9.25097241726524,-13.9412567889081,7.71513043210178e-30,1.25572514976129e-27,57.2021933103767,"Down"
"SNORA22",-1.80726218995892,8.51096110855685,-12.311445472648,3.12877563846939e-25,1.96550234516654e-23,46.6881707374801,"Down"
"PEG10",1.80140295148612,8.65719146098276,7.04682316455966,4.52096032521539e-11,2.25387103160668e-10,14.481603311017,"Up"
"MBL2",-1.80018755784741,10.4399916198135,-7.68597581552427,1.21126325838153e-12,7.74505520080296e-12,18.037837526936,"Down"
"CYP2C9",-1.79898168409787,10.9044717549805,-7.45888979527725,4.45824131508596e-12,2.59258588534211e-11,16.7565050537194,"Down"
"RND3",-1.79832428781238,9.427574637203,-12.4869745353783,9.97461873873482e-26,6.97624889667132e-24,47.8208174961521,"Down"
"ASPDH",-1.79778538643856,9.0600020133399,-11.4387955471977,9.06781105137576e-23,3.46342020503613e-21,41.0724116423011,"Down"
"HSD11B1",-1.79764855476254,11.4483921913085,-5.69125287933092,5.50558658307603e-08,1.80946573266173e-07,7.53840884885827,"Down"
"ZGPAT",-1.79129852074469,8.61656687651177,-11.9129286822902,4.18209168510338e-24,2.09440906313761e-22,44.1195878137181,"Down"
"NDRG2",-1.78952045543693,9.74334471171651,-15.104790923202,4.17593830304352e-33,1.14488412965386e-30,64.6553487679972,"Down"
"CXCL14",-1.77854573103211,7.82677272533456,-14.0358361786299,4.17552999334476e-30,7.03601365819729e-28,57.810592244425,"Down"
"ALG1L",1.77726134789621,8.46451191978599,9.43839302625352,3.13595595060218e-17,4.23738651702594e-16,28.4538627165715,"Up"
"CYFIP2",-1.76336811987617,9.85750020801838,-10.7328218041141,8.60892941354326e-21,2.27082313057422e-19,36.5643818633751,"Down"
"ANXA10",-1.76056244471528,9.80311796341606,-10.1965338944993,2.64768120931411e-19,5.19249695823542e-18,33.1742891054391,"Down"
"GNAO1",-1.75600729130992,7.59622190771154,-16.0091918962789,1.28371126734016e-35,5.57169590367062e-33,70.3859871601312,"Down"
"CCNB2",1.74765862326626,8.07014738769675,13.3062182143233,4.7966173077643e-28,5.16556012775249e-26,53.1095616203465,"Up"
"PYROXD2",-1.74597706491359,8.15876918592764,-12.2596397367871,4.38387219372411e-25,2.66060175553858e-23,46.3540016491292,"Down"
"OGDHL",-1.74127321975003,9.75691556968071,-10.7508053578208,7.67028993419251e-21,2.04965602103431e-19,36.6786481990435,"Down"
"PTTG3P",1.74030856253271,8.42230798073388,14.0163958748166,4.73700196189641e-30,7.88931152328399e-28,57.6855685064,"Up"
"PRSS8",-1.7401186982629,8.37992162434837,-12.607009346294,4.56327921590035e-26,3.36906434068767e-24,48.5956471471707,"Down"
"CYP39A1",-1.73883009535473,7.99401498533014,-13.904965986166,9.7654506157097e-30,1.52825246240978e-27,56.9686529172646,"Down"
"NPC1L1",-1.73785579132841,8.96385004254304,-8.04665597932424,1.47589290412942e-13,1.06763707403261e-12,20.1098355506448,"Down"
"SLC27A5",-1.70793916597906,11.3473984674082,-8.55770259234622,6.9949313535107e-15,6.26961212617858e-14,23.115275622831,"Down"
"UBD",1.70527887830313,11.4815299869861,6.51253148040524,8.23130175279193e-10,3.45738812332079e-09,11.638533690321,"Up"
"APOA5",-1.70479434471318,10.7827416465949,-9.11647062387421,2.30874837943108e-16,2.69724331473013e-15,26.4818049821945,"Down"
"MYOM2",-1.70411280221211,7.80012980119802,-16.7215648221211,1.41491705106815e-37,8.81124214019529e-35,74.8502507564902,"Down"
"AZGP1",-1.70205308385192,11.632472014816,-9.87937699123459,1.97303911668608e-18,3.22969591637653e-17,31.1878995209506,"Down"
"RAD51",-1.695790843873,9.07355358352874,-13.8875022879257,1.0938352920459e-29,1.66670243489079e-27,56.8562519243359,"Down"
"TKFC",-1.69418426325693,9.00611262734784,-12.2389114468465,5.01719535292528e-25,2.99422037666453e-23,46.2203135499133,"Down"
"CPEB3",-1.69183277179899,9.45349186286315,-16.6231659452219,2.62986217422631e-37,1.50670063685774e-34,74.2364719238533,"Down"
"SRD5A2",-1.69053275445266,8.28511924815965,-12.4032043767366,1.7213329602807e-25,1.13187003563373e-23,47.2801981291005,"Down"
"AKR7A3",-1.68929091840234,11.9279118750356,-9.36142503049057,5.0637779917602e-17,6.59349928872558e-16,27.9804113672647,"Down"
"ACSM3",-1.67935524897464,9.48612321440086,-12.1741942846393,7.64540969866266e-25,4.3454445680137e-23,45.8029898482656,"Down"
"MAT1A",-1.6772925015041,11.4423475668305,-11.4552391797774,8.15176774170073e-23,3.14710968637142e-21,41.1778783763016,"Down"
"HPD",-1.67411034600362,11.8306304038018,-5.61304277021081,8.06886207046584e-08,2.58120518231202e-07,7.16688033459309,"Down"
"CD14",-1.66811358244654,11.6524470651131,-10.1573641882999,3.39571867402369e-19,6.50225649305366e-18,32.9281501198638,"Down"
"RNF125",-1.66781995874763,9.04344168382786,-15.460559945706,4.25813956203937e-34,1.45212697493071e-31,66.9172881883588,"Down"
"SORL1",-1.666981620429,9.63942111245368,-13.7526653247431,2.6269093276455e-29,3.61780983652563e-27,55.9880378077134,"Down"
"C11orf96",-1.66513269628575,9.94998773327866,-9.87433575990772,2.03679701275779e-18,3.33025612028878e-17,31.1564526533828,"Down"
"SMIM24",-1.6620474068584,9.70082401639655,-9.2579605319456,9.62563786756448e-17,1.19469680396123e-15,27.3458731470603,"Down"
"SKAP1",-1.66030737647458,9.60568234709032,-9.91541551085681,1.57161653663447e-18,2.62663519885828e-17,31.4128260653922,"Down"
"SLC19A3",-1.65250257327194,8.95652521996691,-14.0822892973414,3.0889616204394e-30,5.26704729637543e-28,58.1092757595571,"Down"
"H19",-1.64646206762711,11.331523013418,-4.53679979012015,1.08365974168164e-05,2.57828213955252e-05,2.43463921288652,"Down"
"ABCA8",-1.6449797375638,9.08548133085153,-9.94852950789162,1.27496279616036e-18,2.16879954030937e-17,31.6196844061676,"Down"
"KCNN2",-1.64495894091254,7.45180692735171,-15.2078288769539,2.15367554167048e-33,6.29532546598903e-31,65.3114011856858,"Down"
"CCL14",-1.64458019360995,9.74503656557146,-12.2116447476251,5.99160080817023e-25,3.50276319899682e-23,46.0444725064572,"Down"
"NOCT",-1.6401011440014,8.69169200426625,-12.4030791593202,1.72273732994591e-25,1.13187003563373e-23,47.2793901151564,"Down"
"FXYD1",-1.63912194942966,9.48654361460025,-8.44349186104787,1.39143484323938e-14,1.18769494992358e-13,22.4370568084207,"Down"
"C6",-1.63868848993649,12.2733839629278,-8.08803939141272,1.15619550520916e-13,8.501123316792e-13,20.3502940653239,"Down"
"PPARGC1A",-1.63480396128794,10.4623836829777,-8.41793033639667,1.62219791112131e-14,1.3691656264579e-13,22.2857608289968,"Down"
"ACSM5",-1.63367054504041,9.63818338348438,-9.28983673955215,7.89923950152794e-17,9.98594945987508e-16,27.5411302132546,"Down"
"AURKA",1.63278480579459,8.74984612269478,13.0947578903573,1.9014074482696e-27,1.8781971642459e-25,51.7447523730671,"Up"
"SLC7A2",-1.62831150606559,11.2844314550676,-9.22308377458182,1.19468139108717e-16,1.46126571857742e-15,27.1324821211824,"Down"
"NUSAP1",1.62791999584639,9.01204434164506,12.1492241283667,8.99441321809141e-25,5.0520384518715e-23,45.6420030448359,"Up"
"CAMK2B",-1.6231748013686,7.83130457004152,-12.9161668242703,6.08710700241806e-27,5.31619717046548e-25,50.591730316506,"Down"
"TMEM27",-1.62196926658836,8.09886442868648,-13.8501858371332,1.39388316875213e-29,2.0796446485455e-27,56.6160357115649,"Down"
"ACACB",-1.62029914715969,10.8043355391594,-11.0345303677063,1.23603427998592e-21,3.76674872175284e-20,38.4856928274345,"Down"
"RPLP0",1.62013168496747,12.9454044662098,11.9189980733521,4.0203228850459e-24,2.0204591116671e-22,44.1586660195263,"Up"
"GMNN",1.61934949914705,8.87904306309227,13.0477457564358,2.5827856507166e-27,2.4827677097459e-25,51.4412537560332,"Up"
"SLC39A5",-1.61911096203658,10.740690125384,-7.43043581983913,5.24225345087883e-12,3.00579648426491e-11,16.597291769689,"Down"
"LAPTM4B",1.60555979922742,10.1725532007157,8.75983550117934,2.05405327736308e-15,2.02339787425525e-14,24.3241621272582,"Up"
"GLYAT",-1.60275566366841,9.50088224504702,-7.58416492336496,2.17733562682214e-12,1.33902868969401e-11,17.4610551120692,"Down"
"UBE2T",1.60262420774035,8.31049368558302,14.5676479683298,1.33277837514793e-31,2.84916189063341e-29,61.2239450485067,"Up"
"ASS1",-1.60225234729501,13.1642994397474,-11.9040010468288,4.43193388361758e-24,2.19649096937905e-22,44.0621093488714,"Down"
"HOGA1",-1.60153263373722,8.97070617833964,-11.9882668543137,2.56264073283089e-24,1.34449462330904e-22,44.6047616321349,"Down"
"TM6SF2",-1.60070285460047,8.62987458375696,-11.6773262462095,1.93165891575357e-23,8.46090233955303e-22,42.6039211864129,"Down"
"TRPM8",-1.59995489068526,9.14512786678243,-8.8075526616887,1.53583716749641e-15,1.54877366413548e-14,24.6110740948694,"Down"
"PZP",-1.59527917099883,7.84643178069671,-7.91827632596362,3.13697502941842e-13,2.17057455779517e-12,19.3673711417288,"Down"
"LECT2",-1.593202894721,11.1804129769986,-6.20429746730453,4.14388414729356e-09,1.57476393318349e-08,10.0589154778594,"Down"
"AKR1D1",-1.59210018928962,9.70657187702385,-8.82400914881407,1.38913394157367e-15,1.41210542549039e-14,24.7101547194749,"Down"
"PHGDH",-1.58543169961389,11.7058656454509,-7.7415833115393,8.77989293862466e-13,5.72652124589804e-12,18.3544145208845,"Down"
"CYP4V2",-1.58376021428317,11.5068168552005,-10.4396328411585,5.62636292404439e-20,1.28322286880713e-18,34.7065943688561,"Down"
"CTH",-1.57921075889869,10.177840232495,-7.91482846125552,3.20091926754586e-13,2.21268178904727e-12,19.3475048917595,"Down"
"PDGFRA",-1.57638832483195,7.91617076180196,-9.7878214441559,3.51324000319289e-18,5.49346469058207e-17,30.6174397755585,"Down"
"MUC13",1.57510720314568,8.27747632931669,5.84662732810404,2.55147836231395e-08,8.78059216324427e-08,8.28671293971051,"Up"
"CDCA5",1.5716590928877,8.29937347502974,12.6452719139429,3.55637395745042e-26,2.66385869487956e-24,48.8426658951238,"Up"
"SAA2",-1.57057637709659,8.93901242478544,-5.18089923248079,6.27154072684004e-07,1.76964692337529e-06,5.17886741168774,"Down"
"KIAA0101",1.56957195843287,8.26683901505301,11.2285338786262,3.53366304574951e-22,1.19651668568015e-20,39.7254718788228,"Up"
"S100P",1.56312971684517,7.95828204021495,5.15271139557965,7.14234136336754e-07,1.9992135107976e-06,5.05313979441488,"Up"
"CKS1B",1.55763367705,10.203758180825,13.1201724989023,1.61128713359546e-27,1.62524405735829e-25,51.9088138962655,"Up"
"CENPW",1.55193549301048,8.17681993008062,13.81274424814,1.77777056308262e-29,2.59826609949309e-27,56.3749637540222,"Up"
"RELN",-1.54909092031646,9.4349168641256,-5.2186779244273,5.26473242811826e-07,1.50543044396927e-06,5.34815006864177,"Down"
"RCL1",-1.54416525097366,9.40873036010973,-11.3405580826858,1.71260819328565e-22,6.22580892193663e-21,40.4427097828058,"Down"
"OIT3",-1.54386381163175,7.43907358934668,-19.0807249647571,6.74215117280049e-44,8.04731927066846e-41,89.2538664122446,"Down"
"LYVE1",-1.54257784920602,7.3789577107526,-15.0739084441552,5.09339613786189e-33,1.35097616449252e-30,64.4585722780423,"Down"
"GADD45B",-1.54225476051415,10.3805410618251,-10.1811073205339,2.92036538915895e-19,5.65887184862229e-18,33.0773237509769,"Down"
"ANGPTL4",-1.54164425597763,11.689656717071,-7.41309690991298,5.78532078069757e-12,3.29606800087237e-11,16.5004222373499,"Down"
"FAM83A-AS1",-1.54088131846945,8.36759672320849,-6.56343343736974,6.27651053901133e-10,2.68353613284356e-09,11.9038153779327,"Down"
"HMMR",1.54084004131462,7.9304315078417,12.8441440482303,9.73254082750884e-27,8.29757037335769e-25,50.1266960719985,"Up"
"DPT",-1.52639022910521,7.61093141637926,-12.9950310858107,3.64121492428694e-27,3.34314880516422e-25,51.1009198460512,"Down"
"EXOC3L4",-1.52422371235182,9.27147028117941,-9.46088776415056,2.72556665959941e-17,3.72147676505646e-16,28.5924558625277,"Down"
"SLC13A5",-1.52265738077222,12.0359795974174,-6.66383323539578,3.66433783960406e-10,1.61639392906218e-09,12.4306089165207,"Down"
"BHMT",-1.52219332707022,12.8130794747768,-6.19060454286168,4.44771062349577e-09,1.68263495140861e-08,9.98983940127586,"Down"
"DNAJC12",-1.5221317451563,9.06484846046227,-9.12866041966462,2.14148284235281e-16,2.52656167636073e-15,26.5560750236413,"Down"
"PLA2G16",-1.51781041760262,8.80028982180061,-11.7041541788168,1.62298778597674e-23,7.28716428167549e-22,42.7763737895924,"Down"
"TUBA1C",1.51567627476241,11.3556998683308,10.7998993905901,5.59588056757807e-21,1.54431208804279e-19,36.9907607826049,"Up"
"MXRA5",-1.51138994023416,8.36508262065767,-12.7935886466123,1.35298813283654e-26,1.11372695555274e-24,49.80027017449,"Down"
"LYZ",1.49720622508745,9.70454749298304,5.36094471440572,2.70361017813559e-07,8.01901192409114e-07,5.99351393582493,"Up"
"FTCD",-1.49551333995239,9.84590224514762,-9.55773767242309,1.48844931909054e-17,2.12765065841655e-16,29.1902778844568,"Down"
"CCL20",1.49320775525939,9.87066084449832,5.29200636952823,3.73963919497327e-07,1.0882449851252e-06,5.67924479057234,"Up"
"GPT2",-1.4922552616524,11.6197973578253,-9.03315691536212,3.85691618518892e-16,4.28237290856286e-15,25.9750840993817,"Down"
"AKR1C3",1.48446170245765,13.5306866054697,13.9051711438295,9.75244774188148e-30,1.52825246240978e-27,56.9699732986145,"Up"
"RACGAP1",1.4841316699579,7.97609529814761,15.7960407048951,4.98927715490811e-35,1.98503935249302e-32,69.0413136303576,"Up"
"RNA28S5",1.47912265151386,10.7150973589113,4.91441367741533,2.10344846940041e-06,5.53410955680053e-06,4.01039767235775,"Up"
"ALDH1B1",-1.47773096646449,10.0207876744469,-11.0580489899472,1.06212506355179e-21,3.2999603655645e-20,38.6358201682482,"Down"
"MELK",1.4774180769468,7.90456022609639,13.2534701757297,6.76256177251358e-28,7.17482757538607e-26,52.7691752255894,"Up"
"STOM",-1.47198922924031,10.1133811508927,-9.99311486004937,9.617505031174e-19,1.67580930123486e-17,31.8984771452977,"Down"
"TMEM107",-1.46995545644025,8.48795018940589,-10.7608895624665,7.18937734903768e-21,1.93195969550219e-19,36.7427375031896,"Down"
"CYP4A11",-1.46901834406717,13.5957042384169,-6.94341340874159,8.00217866215917e-11,3.86430225819642e-10,13.9215424688917,"Down"
"IDO2",-1.46484852861965,7.97065451487933,-11.1315036861347,6.61253227202623e-22,2.12357174287515e-20,39.10501215636,"Down"
"FNDC5",-1.46255109077488,9.51779246907999,-5.64369690920327,6.94892032085512e-08,2.24925165549396e-07,7.31208358620415,"Down"
"FAM83D",1.45996297676755,7.69352640443425,13.7318117684274,3.00825956276143e-29,4.10355254451733e-27,55.8537067569357,"Up"
"SERPINF2",-1.45817615673717,12.6493951200648,-11.3533405324377,1.57666958358085e-22,5.79042011426374e-21,40.5246076887847,"Down"
"CNDP1",-1.45201666906011,7.40185333520156,-13.8060730646787,1.85653058079254e-29,2.68596843522138e-27,56.3320054235138,"Down"
"RFC4",1.44745936337896,8.76808417274389,12.9328825029983,5.45894647322892e-27,4.82645002074431e-25,50.6996578340766,"Up"
"DUSP6",-1.43978430042412,10.9852970287193,-9.97895230935924,1.05188440406146e-18,1.82619882659058e-17,31.8098847312237,"Down"
"CYP4F12",-1.43829218674009,9.86225621487321,-9.57882429238091,1.3044719958009e-17,1.87589883492533e-16,29.3206742694233,"Down"
"GABARAPL1",-1.43623629967453,10.6290229148425,-11.4981926787031,6.17168591608924e-23,2.42183718838757e-21,41.4534567405836,"Down"
"GLYATL1",-1.43445423181822,8.55182833555291,-13.4318346557977,2.11725874282291e-28,2.53692147991848e-26,53.9199650878155,"Down"
"DUSP5",-1.43240970508145,9.63669190779306,-10.5765089366946,2.34490997964169e-20,5.69256705735727e-19,35.5726685068236,"Down"
"H2AFZ",1.42759525873002,11.5757337021744,10.8275522094918,4.68477046353299e-21,1.30799156626088e-19,37.1666710052727,"Up"
"ST3GAL6",-1.41837965439628,9.18949313251944,-12.2434326345266,4.87168336679543e-25,2.91954480596699e-23,46.2494722413121,"Down"
"LIPC",-1.41731289122343,11.4116237391529,-8.20502079093249,5.78267770174162e-14,4.46016654399812e-13,21.0328947187046,"Down"
"APOC4",-1.4163773411297,12.2328574371471,-5.97895965088325,1.31219397790258e-08,4.67177587509287e-08,8.9344975725992,"Down"
"RCAN1",-1.41458658586309,10.2811535944255,-13.6142057746594,6.46295853835193e-29,8.26508528078703e-27,55.0958787090582,"Down"
"CSAD",-1.41392435506838,9.43123262559894,-9.40890807586006,3.76833040509881e-17,5.03486906643939e-16,28.2723529150562,"Down"
"DTX1",-1.41318737310704,7.97247807814448,-13.3373265112014,3.91713270089999e-28,4.34923191278997e-26,53.3102827325408,"Down"
"SLC25A18",-1.40971291750857,10.4485232917994,-8.01680893532812,1.75947196851632e-13,1.25941614218187e-12,19.936745916156,"Down"
"ACSL1",-1.40505962865195,12.1229089294109,-10.0819027134977,5.48104603653679e-19,1.00647464591431e-17,32.4545836367141,"Down"
"ACADS",-1.40134431649495,9.2288527535625,-13.7053824280275,3.57219284948994e-29,4.82684133804192e-27,55.6834385034041,"Down"
"CD34",1.40105857933685,8.80614067553241,11.4055873446655,1.12430519681327e-22,4.2489243625215e-21,40.8594739341239,"Up"
"PBK",1.40096557787699,7.67799884365275,11.6984496137668,1.68420514733508e-23,7.51491287391913e-22,42.739701145808,"Up"
"REG3A",1.400366306929,7.970077530474,3.73677013816159,0.000255223158153011,0.000497626095048403,-0.568920662084577,"Up"
"GCDH",-1.39755053174509,9.84352083950415,-12.8302761834827,1.0652979961627e-26,8.97544894061083e-25,50.0371539344002,"Down"
"ESR1",-1.38799874804794,7.79137909952518,-14.1329290643967,2.22413782764842e-30,3.88491781773273e-28,58.4347728757597,"Down"
"ABAT",-1.38732992062273,9.60486888729577,-9.86489165219933,2.16181344314136e-18,3.51859703933111e-17,31.097552165495,"Down"
"SPP1",1.38674134734102,9.89582378444782,4.34883940338761,2.36772039721862e-05,5.37417194803487e-05,1.68689569969658,"Up"
"GCKR",-1.38373584491827,8.63188009975192,-12.3815658150648,1.98183856031974e-25,1.27864295943512e-23,47.1405712456601,"Down"
"PTGS2",-1.38086138042597,7.91087895928126,-9.08548536760303,2.7947186667296e-16,3.21000444776007e-15,26.2931671013454,"Down"
"SNORD13",-1.37872626683334,10.0808430308942,-7.5554914984516,2.56669424353156e-12,1.55774413771621e-11,17.2992864492151,"Down"
"SULT1A1",-1.37810837650928,10.2566863096129,-11.0451459611208,1.15427184715782e-21,3.56306803164687e-20,38.5534497657347,"Down"
"FAM189B",1.3779785007634,9.66482199231963,16.0826190209221,8.04930775377969e-36,3.71903983733505e-33,70.8482928026247,"Up"
"MFSD2A",-1.37788186237213,7.64833830710539,-10.7477277470019,7.82335485230946e-21,2.08278646003027e-19,36.6590908346312,"Down"
"ARHGAP10",-1.37761016522505,7.79918128697952,-12.7164834410599,2.23611359955073e-26,1.72788787211319e-24,49.3024284003615,"Down"
"PHLDA1",-1.37483940284634,9.81039341938397,-7.36230702611628,7.71708214017268e-12,4.32271284683978e-11,16.2173261636174,"Down"
"COMT",-1.37480040639177,11.2456549483317,-11.5455018264188,4.54199774516682e-23,1.8481543665916e-21,41.7571125529882,"Down"
"CDA",-1.37451059862481,8.27795398885031,-11.6858129951919,1.82815070011981e-23,8.05680076240495e-22,42.6584707805927,"Down"
"CA5A",-1.37303787762493,9.81964908503268,-8.58832476748252,5.81366294077164e-15,5.29701617688755e-14,23.2977244334572,"Down"
"SRPX",-1.36912333614091,7.53566319450087,-11.3892273733811,1.24990626890117e-22,4.67425783014921e-21,40.7545976304319,"Down"
"PEX11G",-1.3687447803725,9.06218371378153,-13.1113629548831,1.70646064322125e-27,1.70920530019986e-25,51.8519455072273,"Down"
"SSR2",1.36859650850666,10.2724965643132,12.5565567974237,6.33916735322106e-26,4.60892862945103e-24,48.2699529473262,"Up"
"HSP90AA1",1.36758913875624,11.9374482717535,12.9509092310466,4.85397337316948e-27,4.34521628899416e-25,50.8160491946607,"Up"
"ILF2",1.36703258071935,10.8560453573128,15.2616671932485,1.52422517505294e-33,4.64499514516665e-31,65.6538932219359,"Up"
"ACAD11",-1.36684336391203,10.761312286203,-11.9574972920987,3.13019750983202e-24,1.6069469151729e-22,44.4065804812772,"Down"
"RBP1",-1.3640725028363,9.77821645103854,-5.87328140484998,2.23325941761209e-08,7.72259165583243e-08,8.41642439790945,"Down"
"RAP2A",1.35993803053926,9.3832838404091,12.4412171300862,1.34381700654635e-25,9.16547189750639e-24,47.5255030083749,"Up"
"ZCCHC6",-1.35861619315619,9.27689447205787,-10.234177305834,2.08413437721934e-19,4.19256414113941e-18,33.4110414491725,"Down"
"STARD5",-1.35799988107441,9.08551465580505,-14.7094269943346,5.33370994863136e-32,1.23217302571366e-29,62.1314059749167,"Down"
"GPT",-1.35724141559689,10.6216809863098,-7.88528060702868,3.80462074517422e-13,2.60485578074237e-12,19.1774142779081,"Down"
"PLAC8",-1.35599046867822,7.4564314829653,-11.932806998832,3.67518307806052e-24,1.86665415698797e-22,44.247581342965,"Down"
"TMEM82",-1.35553020216865,8.10284281445739,-12.0302676763968,1.95014549634106e-24,1.03836185665773e-22,44.87533814338,"Down"
"NFKBIZ",-1.35539131415414,10.317925024342,-9.05397976092303,3.3931306012927e-16,3.83580755639292e-15,26.1015829589881,"Down"
"PROM1",-1.3543495687285,7.52149137385971,-9.25879599534239,9.57592438136896e-17,1.18955737132999e-15,27.3509880350657,"Down"
"GNMT",-1.35422853157127,9.58983835534517,-6.5513673924466,6.69385184867514e-10,2.85006064294215e-09,11.8408213312539,"Down"
"STAB1",-1.35387640085739,8.21667348345585,-14.8341715841703,2.38514239909976e-32,5.99340255829927e-30,62.9288416178092,"Down"
"CDC45",1.35382971569458,7.77285987020918,11.4691693597224,7.44843541421749e-23,2.89116369750236e-21,41.2672379077003,"Up"
"PANK1",-1.3525430342852,10.9336034645393,-11.0081758841994,1.46488038017903e-21,4.41715403901143e-20,38.3175212158944,"Down"
"ESM1",1.35239226257006,7.78465839422221,9.23359675817856,1.1193921843674e-16,1.38096935888839e-15,27.1967778434327,"Up"
"TMEM14A",1.35078313981909,10.0780335802581,9.54012156327433,1.66179033809064e-17,2.35195879569884e-16,29.0814065406877,"Up"
"IL4R",-1.35064517214212,9.45061189650268,-13.2151425913336,8.6799604040642e-28,9.14140241672144e-26,52.5218171406973,"Down"
"ANGPTL6",-1.34906584150584,7.72855625162231,-15.7863204830596,5.30838841540438e-35,2.05492019659019e-32,68.9799011646097,"Down"
"KIFC1",1.34871780208715,7.87222596888661,12.1577228365958,8.51048133104031e-25,4.79904031907442e-23,45.6967936010783,"Up"
"NR1I2",-1.34715819391936,8.83404084324336,-11.7155299933357,1.50746640654134e-23,6.83273460154798e-22,42.8495098958401,"Down"
"UGT2B10",-1.34694466190886,12.4552514300792,-6.22355077219562,3.75088460720374e-09,1.43187420652929e-08,10.1562029228826,"Down"
"CACYBP",1.34427019306509,8.77638359322857,11.3670560477415,1.44276735729599e-22,5.32596826251302e-21,40.6124965349359,"Up"
"PRODH2",-1.3424846389791,10.6158147714703,-8.51107159822457,9.26640644624638e-15,8.132520804509e-14,22.8379329249481,"Down"
"DCXR",-1.33872361137666,12.9595954475736,-8.2513714417722,4.38960268686153e-14,3.4469451361797e-13,21.3045089915307,"Down"
"ALDH2",-1.3374441456804,12.447439345726,-12.4455145163924,1.30672359615326e-25,8.95512060655655e-24,47.5532365671176,"Down"
"GPD1",-1.33638177575761,7.80097622373857,-15.8993462799354,2.58279726844708e-35,1.0880413316461e-32,69.6935072616305,"Down"
"SERTAD1",-1.33496076294006,9.53139964450848,-11.9677885279157,2.9276152915411e-24,1.51379905490047e-22,44.4728604320706,"Down"
"MIR99AHG",-1.33143834656628,8.86748504965961,-9.35188453170494,5.37323160762406e-17,6.97108662282604e-16,27.9218081285863,"Down"
"RANBP3L",-1.32669832984459,7.59872351527915,-12.7159531506413,2.24385355172138e-26,1.72788787211319e-24,49.2990045783916,"Down"
"LONP2",-1.32640428164718,9.33213172636696,-12.6438487685037,3.58950449006321e-26,2.66385869487956e-24,48.8334780096106,"Down"
"TYMS",1.3261012610686,8.81627512004723,8.89971235578452,8.74609418450457e-16,9.21782980166732e-15,25.1668018151883,"Up"
"ADRA1B",-1.32582331122862,7.88458560322641,-14.4973855747904,2.09915970739785e-31,4.35742963609556e-29,60.7738035718799,"Down"
"MASP1",-1.32316870343919,8.33414591468982,-12.7639867107092,1.64083538089486e-26,1.32777882263034e-24,49.60913836314,"Down"
"SLC38A4",-1.32034341532311,11.1031176206603,-7.4958546141374,3.61058289739172e-12,2.13167266444112e-11,16.9637932400497,"Down"
"MTTP",-1.31990998835691,11.8598401100982,-8.64500955134595,4.12543149426211e-15,3.88484913164472e-14,23.6361160241259,"Down"
"MAP2K3",-1.31827371667502,9.75658018599736,-13.6991723469002,3.7193718441684e-29,4.93264471518741e-27,55.6434275178111,"Down"
"CDK1",1.31616841764121,7.97468170433212,11.6993854533633,1.67400650084581e-23,7.49274847237954e-22,42.7457172143745,"Up"
"RSPO3",-1.31590978226703,7.25299011602351,-19.7634635617074,1.1239626745207e-45,1.78872415412889e-42,93.3005431153755,"Down"
"MCM6",1.31432719185816,9.65548700369822,11.2482597456662,3.1107299226237e-22,1.06336478954031e-20,39.8516993663477,"Up"
"F11",-1.31416549882089,9.00487091054679,-10.6869058655407,1.15583493947249e-20,2.97217663160943e-19,36.2727918783811,"Down"
"BEX3",1.31190846017063,11.0757180412401,8.07570607667916,1.24351915920352e-13,9.10578983500613e-13,20.2785748620316,"Up"
"C1orf162",-1.31154887039893,9.56493819110629,-10.5791752846519,2.30522120830759e-20,5.62481829073076e-19,35.5895617994297,"Down"
"NIPAL1",-1.3100007818043,8.12285614623708,-11.7081748633379,1.58118082251546e-23,7.12177764807829e-22,42.8022223644964,"Down"
"LCN2",1.30797549474617,9.84074436780481,3.65448447565034,0.000344295083300175,0.000657396254298861,-0.850394331078903,"Up"
"ECT2",1.30697392024516,8.42884724147159,11.256649779157,2.94653123649468e-22,1.0120663525255e-20,39.9053968795622,"Up"
"MCM2",1.30426987507866,8.06311039694817,9.41531235466695,3.62098450408832e-17,4.86067113889944e-16,28.3117631019081,"Up"
"ALDH6A1",-1.29994729888828,11.1575691967788,-9.13668930257078,2.03795262612075e-16,2.41236326148161e-15,26.6050114309356,"Down"
"SLC38A2",-1.29961094194351,11.7883134239303,-10.1119965389993,4.52879317249865e-19,8.45709316945218e-18,32.6433403702009,"Down"
"SULF2",-1.29468299068765,8.7330701274201,-10.3280240703539,1.14669067622851e-19,2.46237639514556e-18,34.002124646993,"Down"
"RCN2",1.29297419910736,8.98526199256126,14.8548954066872,2.08684219806439e-32,5.33747157194219e-30,63.0612257289738,"Up"
"AOX1",-1.29268270538373,11.7729943641799,-5.20468091823299,5.61792617135179e-07,1.59844172729979e-06,5.28532745373207,"Down"
"OIP5",1.29185829062707,7.99034536135551,11.927922582491,3.79374220144212e-24,1.92006252831292e-22,44.2161298291204,"Up"
"LPA",-1.29175711610879,7.9202588037057,-9.16699534330597,1.69008639846385e-16,2.0206266682135e-15,26.789856111962,"Down"
"C19orf66",-1.29166742472685,9.93158943533003,-10.824128173337,4.78902026778658e-21,1.33190557855354e-19,37.1448851962916,"Down"
"IFITM1",-1.29144307594396,10.2175254312854,-7.81040259719165,5.88735993208034e-13,3.9184319845347e-12,18.7476891302205,"Down"
"SRXN1",1.29033100855499,9.53724081972843,8.25987147952061,4.17296034003785e-14,3.28222465405613e-13,21.3543888553656,"Up"
"C1RL",-1.28812374285561,9.98526559153437,-13.6229875972308,6.10415465789014e-29,7.87655920405049e-27,55.1524810745433,"Down"
"CCDC34",1.28794409134239,8.19942149581714,12.422466368266,1.5183807252246e-25,1.01625080034542e-23,47.4044969600856,"Up"
"A2M",-1.28753011006694,12.9775877994205,-7.61559532621991,1.81745887158142e-12,1.13328094983286e-11,17.6387199837868,"Down"
"P3H2",-1.28624133383108,7.99396258462788,-17.2994010553269,3.78657913743881e-39,2.46523513570619e-36,78.4348749978917,"Down"
"IGF2BP3",1.28575381983681,7.52636676076828,8.35744887672455,2.33064736951006e-14,1.91163375762237e-13,21.9285159621055,"Up"
"C8B",-1.2847941217273,11.8415196272962,-8.33883597773613,2.6050701046672e-14,2.11761742957709e-13,21.8187867085835,"Down"
"LILRB5",-1.28358718881426,7.92947003717328,-15.6356787674147,1.38888546456653e-34,5.10077089974011e-32,68.0271469453085,"Down"
"SMYD3",1.28320163748427,8.89496513626029,9.73734769137344,4.82606949644675e-18,7.34578038231741e-17,30.3035576501089,"Up"
"SVEP1",-1.28266081376998,7.52209765162667,-10.0055493113443,8.88982796248255e-19,1.56040448414997e-17,31.9762853393764,"Down"
"ZFP36",-1.28114937434519,11.5769204516342,-9.44744293456012,2.96393592700694e-17,4.02774708562812e-16,28.5096085083136,"Down"
"COLEC10",-1.28005377255224,7.07752845964522,-18.0506325520767,3.60166164291817e-41,2.45650474816748e-38,83.0418648088289,"Down"
"PDZK1",1.2794357324967,10.5288984523101,10.2565076183475,1.80812800955126e-19,3.73630049719462e-18,33.5515776407846,"Up"
"AQP9",-1.27435776328596,12.6735201566939,-5.62307642984612,7.68414284430494e-08,2.46605372975531e-07,7.21434872402556,"Down"
"GAGE2B",1.27378320819598,7.74860764876129,3.88275761304601,0.000148261261842946,0.000299555092872974,-0.0565593580851154,"Up"
"C4orf3",-1.27343381749697,9.74200211721125,-14.7970422279752,3.03041374540455e-32,7.35671458905582e-30,62.6915910192735,"Down"
"DNMT3L",-1.27297586591303,8.48528548966001,-7.19421122007524,1.98885608607159e-11,1.05115814467909e-10,15.2875307546009,"Down"
"LRRC1",1.2714529750966,8.63271006632406,8.88630568882607,9.49380086413397e-16,9.92552626109422e-15,25.0858303194043,"Up"
"ASGR2",-1.27057972322815,12.1137588807169,-10.2461836244723,1.93088738236803e-19,3.92842329228087e-18,33.4865948592791,"Down"
"HABP2",-1.26980222174354,11.2791895968288,-7.32520414241037,9.51917646962949e-12,5.26218311750302e-11,16.0111458850939,"Down"
"MS4A6A",-1.26891471851961,9.61490076777103,-8.68210748078976,3.29440592974365e-15,3.1520224536886e-14,23.8580375560078,"Down"
"HSD17B2",-1.26819486532864,11.0278715214687,-6.65005369619329,3.94627640924153e-10,1.73116438007861e-09,12.3580324492718,"Down"
"ADRA1A",-1.26622581051988,7.52309460879737,-13.879533928541,1.15193990614424e-29,1.73676160796884e-27,56.8049616880316,"Down"
"EPHX2",-1.26604425627541,11.2004237975777,-9.51743667465106,1.91490988708633e-17,2.68106102763808e-16,28.9412955044798,"Down"
"CKS2",1.26604163613477,9.72758569994407,10.2672168866012,1.68900282397636e-19,3.52647047344218e-18,33.6190009345943,"Up"
"PIPSL",1.26434375436294,8.72160953385922,11.5831881442196,3.55742052499352e-23,1.47262815547636e-21,41.999099763744,"Up"
"DEFB1",-1.2630120153099,11.9734422057494,-3.8076722333569,0.000196419606497432,0.000389818210317683,-0.322140995342617,"Down"
"S100A10",1.26099851760399,12.0831936684359,9.33253457251026,6.05982242461991e-17,7.76340219926932e-16,27.803006528081,"Up"
"CYP2B6",-1.25900773971054,7.56488134633638,-12.1017061677894,1.22532138414315e-24,6.69857945995509e-23,45.3356986198952,"Down"
"AGXT2",-1.25829628778049,9.37067961427665,-9.05361570421099,3.40074216717169e-16,3.83836328293145e-15,26.0993704629685,"Down"
"IYD",-1.25692400231037,8.30485952647195,-9.88738164886555,1.87586181469122e-18,3.08472660985332e-17,31.2378405909278,"Down"
"FBXL18",1.25561654160157,8.28478827586937,12.0940731802811,1.28770626175752e-24,6.99561408412852e-23,45.2865023978757,"Up"
"S100A8",-1.25470745764079,8.40796199140893,-8.91517336331037,7.95621984538155e-16,8.44125458114074e-15,25.2602344806705,"Down"
"NTHL1",-1.25015638931406,9.78749207851832,-10.2204561137166,2.27416432220636e-19,4.53029980347173e-18,33.3247211849651,"Down"
"LILRA5",-1.25013928002147,7.88560872890598,-15.7052007339835,8.90830864243316e-35,3.3577290706729e-32,68.4670795948156,"Down"
"SYT7",-1.25003131048454,10.3288774426575,-5.38076252105641,2.46164016382797e-07,7.35002544642653e-07,6.08438942005129,"Down"
"PARPBP",1.24939971971933,7.59036556306477,13.3273435021867,4.18019908231049e-28,4.60561472737948e-26,53.2458709530439,"Up"
"IGFBP4",-1.24889252270277,12.3807795002753,-10.2551725995071,1.82355348861385e-19,3.75656510893315e-18,33.5431737459229,"Down"
"FETUB",-1.24887816518235,10.4685927618939,-5.53731166382875,1.1646043297035e-07,3.63333213120088e-07,6.810477093845,"Down"
"CKAP2L",1.24368658685426,7.54109843459746,12.8170845568238,1.16092019435532e-26,9.61147973627239e-25,49.9519781986145,"Up"
"FAHD2A",-1.24318236301321,8.95883885735903,-12.9592410811731,4.59748638634435e-27,4.14149669884341e-25,50.8698441439946,"Down"
"ADCYAP1R1",-1.23873198564863,7.69539383172606,-9.99708657961275,9.37884757902831e-19,1.64021042581712e-17,31.9233274495153,"Down"
"ANXA2",1.23838935843524,8.23150048761696,8.66102857818291,3.74372402143568e-15,3.54873323355547e-14,23.7318985182934,"Up"
"AEBP1",-1.23759352439353,8.47437091971319,-7.29581758603211,1.12365331411931e-11,6.16302823188047e-11,15.8482242819011,"Down"
"PON1",-1.23591159773678,11.8731187337136,-6.02618814753025,1.03273616794536e-08,3.72029178407481e-08,9.16796296713652,"Down"
"ANO1",-1.23582904434319,10.0418733831592,-6.90956615361798,9.63748955193599e-11,4.61202014207749e-10,13.7392165990678,"Down"
"CFD",-1.23296120300282,8.91568940355806,-9.71119842920725,5.68796157569247e-18,8.57564985775193e-17,30.1411165674583,"Down"
"COX7B2",1.23148973048505,7.6874823870478,4.82207790599667,3.16693925265036e-06,8.12904496697332e-06,3.616247698972,"Up"
"HBA1",-1.22911337675269,9.57063370044842,-6.93883455482079,8.20625119548255e-11,3.96017978008412e-10,13.8968486621926,"Down"
"VBP1",1.22749813377436,9.20266589585343,13.5278817074941,1.13323192671772e-28,1.4038445703796e-26,54.5393730504959,"Up"
"F7",-1.22612288748741,10.4235430247012,-9.85410142682772,2.31402821801282e-18,3.75354769723643e-17,31.030274277301,"Down"
"TMEM45A",-1.22051306386713,9.06822245787451,-7.28914952606232,1.1666960430736e-11,6.37331700433761e-11,15.8113029330415,"Down"
"BUB1",1.21882202345684,7.40123639104076,13.0434846275685,2.65549198077322e-27,2.53483649706324e-25,51.4137440247704,"Up"
"SLC22A7",-1.21781125229796,11.4188645949255,-4.97529051296447,1.60146776864653e-06,4.26909042440429e-06,4.27331348569038,"Down"
"PCOLCE",-1.21613481213043,9.26484178330522,-6.89678030920576,1.03375154210483e-10,4.91417966729754e-10,13.6704712432534,"Down"
"ZC2HC1C",-1.21412580670403,8.3291748199507,-15.1273426100477,3.61231913324876e-33,1.01449503814749e-30,64.7990014162618,"Down"
"CFHR3",-1.21233921346377,9.6740635806361,-5.35240806800049,2.81484342776886e-07,8.32995917684573e-07,5.95444168617135,"Down"
"KIAA0196",1.21140143381252,9.38992955604242,12.89368264663,7.04754017181658e-27,6.11769199278357e-25,50.4465562348286,"Up"
"KIF20A",1.21110934094439,7.79243533365114,12.7678671990106,1.59986588285776e-26,1.30198176364612e-24,49.6341935134422,"Up"
"TMEM47",-1.21052921829035,9.42549217756097,-8.7921242735994,1.68731773145497e-15,1.68649350088133e-14,24.5182445186673,"Down"
"HAO1",-1.20991507779207,11.7441237414852,-7.70943564561114,1.05763433043051e-12,6.82364707871903e-12,18.1712640465107,"Down"
"PLG",-1.20636938940304,12.9999404246613,-7.83696575574237,5.04366312012455e-13,3.38997592067311e-12,18.8999192080724,"Down"
"RAB26",-1.20162024267969,8.08250056061,-10.1437307721424,3.70274440811305e-19,7.0524478932717e-18,32.8425305818397,"Down"
"TMIGD3",-1.20148191729626,7.62447971408161,-13.3397099082772,3.85681619078867e-28,4.34923191278997e-26,53.3256604709716,"Down"
"ACAA1",-1.20065124813042,11.3969812518549,-10.4583178320956,4.99339249837858e-20,1.14432577206842e-18,34.8246879758744,"Down"
"ACOT12",-1.20022197932447,9.31527118671616,-8.44951381972644,1.34199846248936e-14,1.15098466935539e-13,22.4727268773224,"Down"
"GAGE4",1.20015483780535,7.5785058961855,3.72404585974617,0.00026740170177661,0.000519321298243578,-0.612793718143643,"Up"
"PPIAL4A",1.19933055671414,10.729032434055,11.8231329617344,7.49538355611095e-24,3.57854595580591e-22,43.5416142454855,"Up"
"GSTM2",-1.19929102855502,10.2546822088129,-3.47248377786509,0.000655878357186931,0.00120206598976179,-1.45388630212352,"Down"
"CKLF",1.19922050138891,9.95339796619082,10.471480693426,4.59061888404869e-20,1.0587992637074e-18,34.9079063930111,"Up"
"CSF3R",-1.19498011159479,8.21501048359073,-8.78717103152711,1.7390295256475e-15,1.73454873926526e-14,24.4884544290675,"Down"
"CCL2",-1.19328468616414,9.02538782194732,-7.04143876209952,4.65788392297931e-11,2.31729320697578e-10,14.4523306094696,"Down"
"CD79B",-1.19268090166181,9.45388501620936,-8.35380764291635,2.38197466285737e-14,1.94954417692035e-13,21.9070417971488,"Down"
"HPGD",-1.18910116735638,9.23123468822455,-5.22529809114311,5.10530037876022e-07,1.46271315209224e-06,5.37790557088281,"Down"
"PLIN2",-1.18906465778264,11.2495527079964,-7.01737914092183,5.32143068240106e-11,2.6255202088884e-10,14.3216769136436,"Down"
"RORA",-1.18853990570687,8.15435634683664,-12.1464342967586,9.15919194397834e-25,5.12449633646882e-23,45.6240176699115,"Down"
"MTHFD1",-1.18827676076221,9.45236009321561,-9.51684974069426,1.92194465677618e-17,2.68565983600051e-16,28.937671662084,"Down"
"LINC01018",-1.18809241717033,9.2392153918216,-5.94965428859519,1.5215585962546e-08,5.37442263234391e-08,8.79022940136786,"Down"
"GAS6",-1.18686763659923,9.51038821170508,-9.19768772191238,1.39798473033951e-16,1.68830820342772e-15,26.9772616581615,"Down"
"STMN1",1.1853458659964,8.19745348860105,11.1045385280786,7.86939879288841e-22,2.49918844590999e-20,38.9327192057425,"Up"
"SEZ6L2",1.18464978158569,8.12991620755187,4.99588127929583,1.45963230307139e-06,3.91137763833331e-06,4.36278488189159,"Up"
"PMPCA",-1.18405949505989,10.4043256807271,-13.4081200244343,2.47065669139872e-28,2.90059145827081e-26,53.7669967824278,"Down"
"FEN1",1.18339703814759,9.58007762888583,10.1809295874946,2.92366485232178e-19,5.65887184862229e-18,33.0762067882927,"Up"
"ITLN1",-1.18313192548814,7.04978214957471,-14.7475272464449,4.17094925683255e-32,9.95675103426878e-30,62.3750649891469,"Down"
"HIST1H2BK",1.18266593400239,8.92421895116108,8.97270743831634,5.59150076906054e-16,6.02611478670084e-15,25.6084196250864,"Up"
"ZIC2",1.18225586355052,7.76018958408323,8.18914118899899,6.35443892440148e-14,4.86189255951936e-13,20.9399893358743,"Up"
"FNDC4",-1.18200262411843,8.93640501117794,-9.68326682177965,6.77842145242196e-18,1.00922380938711e-16,29.9677364522044,"Down"
"BASP1",-1.1818540681968,8.99229440957467,-9.44555114018573,2.99910097035627e-17,4.06396624393688e-16,28.4979540684402,"Down"
"OXT",-1.18147324762867,7.81899027215113,-7.87093081948191,4.13722454160788e-13,2.82582103526226e-12,19.0949151082996,"Down"
"SEPP1",-1.18147039398198,8.86498051321211,-9.11776866481816,2.2903360842822e-16,2.68041715605169e-15,26.4897121209754,"Down"
"SERPINE1",-1.18085041220766,8.9845952681124,-6.90886563108435,9.67460238473164e-11,4.62514452458315e-10,13.735448286243,"Down"
"RAB3IP",1.18061430013288,8.66554917709096,8.4445238030245,1.38283674910337e-14,1.1824838425467e-13,22.4431686231968,"Up"
"AGL",-1.18018270901065,10.6568872940612,-9.05385200476807,3.39579974970762e-16,3.83580755639292e-15,26.1008065380998,"Down"
"SPRY2",-1.18011843243795,9.43482662432267,-11.1191648816226,7.16064574111295e-22,2.28932877120448e-20,39.0261662708102,"Down"
"ENSA",1.18006074811931,8.8395190776914,10.1321191176916,3.98595368691836e-19,7.54171924144407e-18,32.7696292056078,"Up"
"COCH",1.17972361732414,7.80872002558025,7.08564435377011,3.64465490764251e-11,1.8446074997231e-10,14.6930145620629,"Up"
"GADD45A",-1.17957570976857,10.404048337096,-9.18596854855051,1.50306400731622e-16,1.80758906606131e-15,26.9056810565727,"Down"
"SERPING1",-1.17941129172658,13.0172333187885,-9.39666754828716,4.06675229618598e-17,5.39334195724739e-16,28.1970507875629,"Down"
"KLHL12",1.17854689228071,9.42347504633628,14.6108871455094,1.00787638821367e-31,2.25559586068505e-29,61.5008223108217,"Up"
"CISH",-1.17849657948611,8.28105720818749,-10.3882600784988,7.80982922931068e-20,1.73966071619622e-18,34.3821326289667,"Down"
"SCP2",-1.1780586177662,9.41150695061557,-7.50702792855293,3.38728768036497e-12,2.00811760951438e-11,17.026550018946,"Down"
"GYS2",-1.17790842914678,7.6050010153723,-13.5199191128309,1.19349197738505e-28,1.46105859761419e-26,54.4880307133742,"Down"
"SERF1B",1.17755468241888,8.99361955190103,13.8406402180319,1.48306196858049e-29,2.18988624494622e-27,56.554579860195,"Up"
"ADH6",-1.17548626049432,9.37132727493933,-8.78631761784558,1.7480968337807e-15,1.74237932847884e-14,24.483322396296,"Down"
"CBR4",-1.17488472571903,9.19456696576656,-12.571135790635,5.76477117637023e-26,4.21269477342606e-24,48.3640641894791,"Down"
"CLDN15",1.17471209747251,10.1713462592048,6.89979697170039,1.01679635664065e-10,4.84000472454772e-10,13.6866844902219,"Up"
"TGIF1",-1.17396140257433,7.71760605112569,-14.3577182245147,5.18266590381225e-31,9.89750983204039e-29,59.878222892292,"Down"
"SLC6A12",-1.17358346101137,9.85528532992175,-7.68274265329949,1.2340992031037e-12,7.87700663371404e-12,18.0194642540674,"Down"
"C17orf58",1.17229851935363,9.07287568939818,11.241544932327,3.24869955409739e-22,1.10525234473484e-20,39.8087273706236,"Up"
"C1R",-1.17221381063921,10.8338491214085,-7.1386831147513,2.71265685635646e-11,1.40417000916493e-10,14.982856678548,"Down"
"RFX5",1.17105449837924,9.39910525551,11.2007698076755,4.22792329425703e-22,1.41157448353481e-20,39.5478581365428,"Up"
"SUMO2",1.17085632419852,10.5919128183133,8.63691034953042,4.33288909730364e-15,4.05620722488105e-14,23.587714124743,"Up"
"PLGLB1",-1.17008621897675,11.6434529509911,-7.35298997084702,8.13508309350854e-12,4.54406814396398e-11,16.165501417993,"Down"
"BOLA2",1.16891520406619,10.2737426921568,10.6024576169395,1.98592781849654e-20,4.9293795630856e-19,35.7371075748279,"Up"
"ALDH3A1",1.16789967674796,8.06440493520069,3.98393205504919,0.000100848260824676,0.000208735497079744,0.308125111403376,"Up"
"NHP2",1.16557858976085,10.226344331292,12.0357452717205,1.8818935030933e-24,1.00575972555244e-22,44.9106304287557,"Up"
"PSMD10",1.16553938759042,8.11922056741927,12.4851516465796,1.00937684329828e-25,7.01810899347635e-24,47.8090521103677,"Up"
"SHMT1",-1.15968287301608,11.7667812470806,-7.23433844840444,1.58809310543189e-11,8.48740953324663e-11,15.5084748470569,"Down"
"CELSR3",1.15967852596824,7.41384642871396,9.5459121887153,1.60270140370514e-17,2.27353984769034e-16,29.1171874007439,"Up"
"HMGCL",-1.15889197055944,10.3284223729308,-12.9172955496254,6.04250261538514e-27,5.30961748221849e-25,50.5990181454189,"Down"
"C8orf33",1.1588800578835,8.42175977498886,12.7381303488163,1.94194035930197e-26,1.52826438276275e-24,49.4421928596548,"Up"
"TOMM40L",1.15835198684612,8.79033295005203,11.9779580503992,2.7403013150392e-24,1.43245750858783e-22,44.5383604896226,"Up"
"ACTG2",1.15801756919578,8.30189350185704,6.59403083415891,5.32960958796028e-10,2.29443937867013e-09,12.0638629653566,"Up"
"METTL5",1.15673196982877,9.5182572998012,13.7595863428957,2.51135558341337e-29,3.49224718652716e-27,56.0326173619758,"Up"
"RHOB",-1.15603967091022,11.6193606117511,-8.17244108775677,7.01627885836513e-14,5.33125528320232e-13,20.8423661771994,"Down"
"UPB1",-1.15556609848902,11.9524425752181,-6.71632272931023,2.76082833626083e-10,1.23999198056644e-09,12.7078638605674,"Down"
"TMEM154",-1.15522797636044,7.62729599868972,-8.76406144223345,2.00188374444604e-15,1.97744695666901e-14,24.349548635547,"Down"
"NAPSB",-1.15518077972579,7.75822169190966,-9.97422838482055,1.08378240160434e-18,1.87024281182878e-17,31.7803416704117,"Down"
"CNIH4",1.1550716093545,11.0816618539174,13.0425134467203,2.67234735081023e-27,2.53483649706324e-25,51.4074740874988,"Up"
"FMO3",-1.15497528808249,12.4181088760782,-5.5878329918572,9.12041835000519e-08,2.89328354434384e-07,7.04787054878408,"Down"
"RPS7",1.15397512226732,8.65714411624623,9.79814211638039,3.2922373377835e-18,5.16481000975609e-17,30.6816749140402,"Up"
"CCND1",-1.15307096116465,11.7338705422096,-6.61524659251433,4.75710913955677e-10,2.06347892810029e-09,12.1750935516344,"Down"
"TIMP1",-1.15299300602116,12.3317368437566,-4.76693064886156,4.03340661247953e-06,1.01762344390601e-05,3.38353705242002,"Down"
"EVA1A",-1.15291024301731,11.2908559100901,-7.85873932339716,4.44232078167516e-13,3.01694454983088e-12,19.0248783169258,"Down"
"EPB41L4B",-1.15150843818356,8.42440935244104,-10.9429826163659,2.22935904050065e-21,6.50328096478427e-20,37.9017840075845,"Down"
"ECHS1",-1.15131235103643,12.9680606474386,-10.5277218501511,3.20415717977533e-20,7.54821435623717e-19,35.2637132363197,"Down"
"TSKU",-1.14982918953605,11.5615471839035,-6.03520533777245,9.8645171042459e-09,3.56431580434193e-08,9.21267209499231,"Down"
"FOXO1",-1.14940650803733,9.2374711508956,-11.0437461120693,1.16473667260402e-21,3.57994063555951e-20,38.5445142786417,"Down"
"THY1",1.14872263795491,8.53436591050659,8.36714305150849,2.19928565893598e-14,1.8124492803763e-13,21.9857059487806,"Up"
"FITM1",-1.14871767277412,7.95476350488544,-11.0437752623479,1.16451779204826e-21,3.57994063555951e-20,38.5447003483374,"Down"
"GPAT3",-1.14612337311624,9.30878771570733,-7.85504216673001,4.53917280592552e-13,3.07397504015467e-12,19.0036490050494,"Down"
"FADS1",1.14499973007168,9.2237399416855,5.01948250151451,1.31202646033428e-06,3.5358364989269e-06,4.46567334847195,"Up"
"MEP1A",1.14497089969125,7.63145869389236,5.15750133189804,6.98650088260998e-07,1.95903782579528e-06,5.07446953865507,"Up"
"JUN",-1.14494912939043,11.5100463948434,-8.87798017758074,9.98975117701647e-16,1.03909372627747e-14,25.0355690527351,"Down"
"PC",-1.14390509144133,9.83559623173108,-10.55919573101,2.61972565215125e-20,6.29569303955744e-19,35.4629966598932,"Down"
"CFP",-1.14319174056109,7.48053316058144,-21.33752026255,1.11175576327617e-49,3.18473555948092e-46,102.406260373717,"Down"
"MCM3",1.14303314144441,10.8423186412983,10.3415002054357,1.05231425623369e-19,2.27678203807177e-18,34.0870996614354,"Up"
"CBX3",-1.1416728393156,8.53843951103649,-11.6846246638905,1.84230357461099e-23,8.09426812857461e-22,42.6508324109442,"Down"
"RPL15",1.14161117029267,9.82928543818327,8.97493783168145,5.51548434468336e-16,5.95314862614165e-15,25.6219332670977,"Up"
"PITX1",1.14124377970298,7.49403989946449,6.16048959742614,5.19492820464737e-09,1.94994837980274e-08,9.8382566364957,"Up"
"LAGE3",1.14032510916384,10.1816328060686,12.3095862670963,3.16688175685747e-25,1.9721411914552e-23,46.6761769935602,"Up"
"PGC",1.14000282742957,7.69827437122112,4.05067500378245,7.79019497950969e-05,0.000163581531581172,0.552941841824587,"Up"
"HMOX1",-1.13968135039321,9.40313162635538,-8.13919755332507,8.54391260470682e-14,6.41039603128422e-13,20.6482895885934,"Down"
"LUM",-1.1390460644985,8.30673872142155,-5.13705242802148,7.67574625916925e-07,2.13848888679403e-06,4.98351029633396,"Down"
"TRIP13",1.13763331958054,7.72827312609268,12.0471701397628,1.7471214254435e-24,9.37229220098399e-23,44.9842445238399,"Up"
"SCGN",1.13699802517173,7.8449315413861,6.03671646409139,9.78896837689167e-09,3.53969689629435e-08,9.22016877334182,"Up"
"PRICKLE4",1.13650079972496,11.4948409408841,15.3261124936558,1.0079958507718e-33,3.20833879346765e-31,66.0635831239559,"Up"
"MPC2",1.13528599944456,12.1802054031379,11.4737312700178,7.23154211557075e-23,2.81460265547065e-21,41.2965044179236,"Up"
"PON3",-1.13507358140942,12.8526810901871,-7.86784294570091,4.2124779206013e-13,2.87311053603678e-12,19.0771714216404,"Down"
"IRX3",1.13506672056289,8.77893979382937,5.20699858057773,5.55789183095808e-07,1.58356245663045e-06,5.29572139915129,"Up"
"THBS1",-1.13157612710847,8.93597118033138,-6.39315105359859,1.5474623302934e-09,6.26641304970099e-09,11.0212159474231,"Down"
"GPAA1",1.13142796235481,9.56122319232762,10.7176450941246,9.48964744552484e-21,2.4667916581171e-19,36.4679767859041,"Up"
"NAA20",1.13135138108477,10.3265990913303,10.9028842954564,2.88584929272836e-21,8.30000389954785e-20,37.6462737151541,"Up"
"UQCRB",1.13124239501455,10.5148070231134,10.674971475773,1.24777412513593e-20,3.1971142744762e-19,36.1970397917403,"Up"
"HPX",-1.13107597623178,13.8501491707243,-7.35497380283146,8.04424503005886e-12,4.49893485222699e-11,16.1765333894419,"Down"
"CUX2",-1.1301305057446,9.23359974444459,-6.67716057367935,3.41055967875007e-10,1.51096338628943e-09,12.5008863892497,"Down"
"TGM3",1.12939043011084,8.20931277890669,5.64133870624804,7.02938828360174e-08,2.27272976040695e-07,7.30089409664303,"Up"
"CTSB",-1.12873525186758,12.8134671294303,-10.4917934583177,4.03171490862111e-20,9.37439166171755e-19,35.0363697950255,"Down"
"TOMM20",1.12850488034658,10.1678958830286,10.0252921788163,7.84550396897246e-19,1.38217900796547e-17,32.0998748022809,"Up"
"LDHD",-1.12715354835955,8.9962030440692,-9.99426762144525,9.54762005506511e-19,1.66565849023992e-17,31.9056895045178,"Down"
"SERPINA4",-1.12619462963551,8.8431681481997,-10.3474033018771,1.01345167405596e-19,2.21133917324519e-18,34.1243297172643,"Down"
"PDK4",-1.12472673580949,10.9813971299655,-6.38931762553634,1.57897808463432e-09,6.37780685454521e-09,11.0015073782793,"Down"
"CLDN2",-1.12470979528947,8.9296644637953,-5.15763586796853,6.98217182904884e-07,1.9582073058051e-06,5.07506883968344,"Down"
"PCNA",1.12139565649685,9.81799307541063,10.0763434755652,5.67764118719742e-19,1.03858052010509e-17,32.4197293116638,"Up"
"C20orf24",1.11974821694631,11.1866995936565,9.22825956973411,1.15700545905751e-16,1.42003334962131e-15,27.1641335057128,"Up"
"SEC14L2",-1.11970756069254,9.27134976274773,-7.55855081864681,2.52206814237498e-12,1.53586658177028e-11,17.3165321474726,"Down"
"CCT3",1.11893254931807,10.5382377273315,12.299090003885,3.39087990759639e-25,2.10249233404775e-23,46.6084670125738,"Up"
"GGH",1.11789309400783,11.5720831204951,7.12343507088552,2.95336858632961e-11,1.51998197132587e-10,14.8994122255277,"Up"
"LAMC1",1.11573752156761,10.6338798220714,10.2677246363031,1.6835533008815e-19,3.52022393117163e-18,33.6221980091868,"Up"
"GPR88",1.11548429969601,8.22765625192288,3.81124813013384,0.000193823747010862,0.000384986482933931,-0.309591449535139,"Up"
"IRAK1",1.11409886594986,10.012336327592,13.0054194735529,3.4029162075983e-27,3.18561887852487e-25,51.1679903716638,"Up"
"PSMC4",1.11407447970489,8.5021689512188,9.1955052759042,1.41698391599952e-16,1.7098113419428e-15,26.963929046881,"Up"
"ADAP1",-1.11231873288371,8.55215494785324,-7.79991701006452,6.25762829698568e-13,4.14752476157917e-12,18.6876634783687,"Down"
"SPTBN5",-1.11199892014418,7.8720730894261,-10.5683174231432,2.47115440692187e-20,5.98889079024398e-19,35.5207743649103,"Down"
"RPS21",1.11184212196201,10.1273050683879,10.2588338636546,1.7815595274231e-19,3.68992009051899e-18,33.5662218546585,"Up"
"ZBTB16",-1.11176775758177,8.85411258758871,-7.10208537465306,3.32620523652903e-11,1.69180531259962e-10,14.782736613216,"Down"
"RPS4X",1.11097362735187,11.6431173547886,8.24279483011481,4.61950144742202e-14,3.62350050555452e-13,21.254201600208,"Up"
"PAGE4",1.11055639529064,7.44098239717084,3.68054806589211,0.000313315867466272,0.000601961525113267,-0.761814874045089,"Up"
"THOP1",-1.11026047872378,9.24948913783777,-9.41896942686879,3.53943130642169e-17,4.75565427784971e-16,28.3342713840372,"Down"
"BST2",-1.10964409129639,11.4738521851554,-6.64541778232996,4.04585092629738e-10,1.77159042547714e-09,12.3336348146633,"Down"
"RBP5",-1.10904211866658,10.1988909011845,-6.8804196201637,1.13068031468706e-10,5.34479674827156e-10,13.5826083861881,"Down"
"GAGE12G",1.10886218022881,7.6644277989656,3.55517831720205,0.000490871327747127,0.000915542960866386,-1.18296323424449,"Up"
"SGCE",1.10721839302577,9.59655019814739,6.03679702717203,9.78495659793194e-09,3.53913973111563e-08,9.22056847954836,"Up"
"GAGE12I",1.10622577679371,7.47886590178979,3.49306657465133,0.00061052557676227,0.00112296877307898,-1.38696749216229,"Up"
"PLVAP",1.10515696440217,8.1990866884077,11.0860095589703,8.86864076625889e-22,2.77955233468547e-20,38.8143643797163,"Up"
"HACD3",1.10280761511281,10.2389475017346,10.237432415053,2.04142739986239e-19,4.12985376387415e-18,33.4315232413018,"Up"
"DPYS",-1.10223997810798,12.4304512304464,-6.40448099141149,1.45788677600281e-09,5.93556347148613e-09,11.0795077176117,"Down"
"MACROD1",-1.10187951153917,8.82879414931126,-9.34488773780701,5.612070866635e-17,7.26778399844603e-16,27.8788415682767,"Down"
"SMG5",1.10170286431084,9.46055781075857,12.8250421235793,1.10225753743564e-26,9.23253491736296e-25,50.0033586276537,"Up"
"UHRF1",1.10157542060291,7.84958707489524,9.09493959234048,2.63653999591232e-16,3.05033621659549e-15,26.350701511896,"Up"
"SYPL1",1.10143125625843,9.97782106295972,9.68166028360147,6.84712072955597e-18,1.01523095454897e-16,29.9577683852335,"Up"
"IRF8",-1.10077588671415,9.2880930620547,-9.76495235786365,4.05699891224844e-18,6.27964640507091e-17,30.4751689783879,"Down"
"AVPI1",-1.09946797481532,11.3279767511215,-9.83238873690918,2.65342831347687e-18,4.23036354016482e-17,30.8949524935367,"Down"
"TMCO3",1.0992002968714,8.4377972526651,9.44648394134366,2.98171029540694e-17,4.04422694707515e-16,28.5037005222381,"Up"
"LTBP4",-1.09876266614281,7.98507764448488,-11.7315552374993,1.35852948055621e-23,6.25666165595067e-22,42.9525487515253,"Down"
"PRIM1",1.09832870904945,8.49495325056644,11.2584118437734,2.91316151906398e-22,1.00542680572418e-20,39.9166750419571,"Up"
"D2HGDH",-1.09746973637336,9.634612657092,-9.33746253288432,5.87709435135277e-17,7.56312869671391e-16,27.8332551158589,"Down"
"CD1D",-1.09519945908713,7.91615670444279,-9.86070170337402,2.21969795921361e-18,3.60870986036511e-17,31.0714252276429,"Down"
"FGA",-1.09353931520541,9.38215649290787,-7.73664331325912,9.03487725399279e-13,5.88211576858812e-12,18.3262471752076,"Down"
"CD4",-1.0930477514592,7.81399668899534,-14.4804420936705,2.34227578025432e-31,4.77189072646464e-29,60.6652131776593,"Down"
"SPIRE1",-1.09178544216055,9.02791978988879,-8.54978939611039,7.3371208649551e-15,6.54763751705619e-14,23.0681694147165,"Down"
"MLLT11",1.09171598846733,8.01352969815218,5.91459091395167,1.8153526717271e-08,6.35883989169656e-08,8.61822092013099,"Up"
"TUBA1B",1.09114273677213,12.7668401042543,11.5250937865676,5.18435212858689e-23,2.06839764729109e-21,41.6261059395802,"Up"
"ALDH4A1",-1.0904771925722,10.1494911450185,-9.80648454358825,3.12375868438151e-18,4.92206772677628e-17,30.7336108052335,"Down"
"GOT2",-1.09029551510536,12.5966223622931,-11.4569199211153,8.06350770990107e-23,3.12144921429495e-21,41.1886593599229,"Down"
"IGSF3",1.08874669788025,7.78727290350384,9.01929205183845,4.20015027954458e-16,4.63115877243395e-15,25.8909101330947,"Up"
"CLDN10",-1.08818253108898,7.53823234054872,-9.37506549618529,4.65189427253589e-17,6.09598185411999e-16,28.0642310244064,"Down"
"RPL30",1.08801177168508,13.7782458840916,11.6333742003186,2.56907372478312e-23,1.10303761149627e-21,42.3214757776573,"Up"
"RAMP3",-1.0873997479979,8.05059638047676,-11.7193767468086,1.47029103534907e-23,6.68538999977926e-22,42.8742425045461,"Down"
"ARPC3",1.08664701345295,10.3880080736113,9.57967554138867,1.29754046851093e-17,1.86780624426956e-16,29.3259400031445,"Up"
"GAGE6",1.08602471731774,7.43533360077088,3.36510516917326,0.000948287964890712,0.00169250199640245,-1.79742450831122,"Up"
"NEU4",-1.08597267426634,9.08322765057629,-4.80593241019881,3.39997714271431e-06,8.68984165151625e-06,3.54790699190315,"Down"
"TRIM15",-1.08523053880659,8.67459718876874,-9.36460127629219,4.96474067487019e-17,6.47631882387667e-16,27.9999257993787,"Down"
"CSF1R",-1.08419257849849,10.0532528873859,-8.37043200577304,2.15640919198837e-14,1.78224171130118e-13,22.0051150039131,"Down"
"LEAP2",-1.08397929570974,13.1021384894039,-7.4515239494262,4.6493075387373e-12,2.69276311675432e-11,16.715260506698,"Down"
"GSTA2",-1.08392761607258,10.3846288657297,-3.56174484838557,0.000479600369253049,0.000896075670338041,-1.16121487492559,"Down"
"OAS2",-1.08318006087578,9.90064950994756,-6.3253696088726,2.20801150915026e-09,8.73628421148044e-09,10.6737976100727,"Down"
"ECHDC2",-1.08306246974638,12.8918168472086,-9.54897942552591,1.57225473103546e-17,2.23817813931121e-16,29.1361427295581,"Down"
"TTC38",-1.08273750311659,11.1878786813745,-9.60322059974071,1.1196932231198e-17,1.62321518570293e-16,29.4716404218986,"Down"
"AXL",-1.08207125721194,8.46846347609677,-9.26264595478889,9.35011619210164e-17,1.16758251281144e-15,27.3745602240917,"Down"
"HDAC6",-1.08193549417931,9.70358356145282,-11.6959775472303,1.71144486472015e-23,7.56574839425517e-22,42.7238096216444,"Down"
"GINS2",1.08067331340772,8.11908811004372,9.07463524364813,2.98791031204042e-16,3.41274636358493e-15,26.2271626407835,"Up"
"TBCE",1.07702777184953,9.8283648360443,13.213297064438,8.78492221138323e-28,9.1844117396819e-26,52.5099059538149,"Up"
"CPS1",-1.07647950253479,13.6387294429312,-4.13175921785,5.66917610905238e-05,0.000121903031691874,0.85484615191119,"Down"
"NR1I3",-1.07600884839575,9.98331391154246,-5.55471508312702,1.07072133737375e-07,3.35725519159462e-07,6.8920862749581,"Down"
"CENPF",1.07533579008925,7.74211631772081,12.2252252464713,5.48469294206184e-25,3.24616764500627e-23,46.1320497569146,"Up"
"BEX2",1.07498934018108,8.23269572463114,4.42092221522836,1.75937807623927e-05,4.067994786706e-05,1.97070329838137,"Up"
"SEPT4",-1.07483348003722,9.67507996463389,-5.77620940074483,3.62124662877072e-08,1.22068993795912e-07,7.9459053362507,"Down"
"DLGAP5",1.07243580927965,7.55407488055778,11.8093575045073,8.19699897357097e-24,3.87477281513059e-22,43.4529795380096,"Up"
"MCM7",1.07207529008811,10.5623373452459,10.8136687764737,5.12202321336446e-21,1.41626908272238e-19,37.0783434527653,"Up"
"CYGB",-1.07162346092106,8.46281898054337,-13.4016724754097,2.57655723518116e-28,3.00032758369917e-26,53.7254055774285,"Down"
"KCNMA1",-1.07146182015114,8.37039825264499,-10.3634855970801,9.14682681112348e-20,2.01244240269926e-18,34.2257817985995,"Down"
"SLC46A3",-1.07060934228627,9.83868383644286,-6.09899458875153,7.12360093784214e-09,2.62561338735751e-08,9.53017209574772,"Down"
"THBS4",1.07039026212008,7.62591051779495,7.45823464041641,4.47491623446049e-12,2.60122667314033e-11,16.7528357347696,"Up"
"HSPH1",1.06984863396108,10.1950653146509,10.2336101054676,2.09166661820823e-19,4.20181500316921e-18,33.4074726625003,"Up"
"SLC17A2",-1.06983769769434,10.804896049031,-6.37529276643826,1.69975084816157e-09,6.84632491513446e-09,10.929463379578,"Down"
"LSR",-1.06876371372556,9.19742622878389,-9.01884917333168,4.21160066383383e-16,4.64021202369938e-15,25.8882221349606,"Down"
"CFI",-1.06860978909221,12.3080465050252,-9.30378468499171,7.2442756146308e-17,9.19856025074086e-16,27.6266348775165,"Down"
"AURKB",1.06810344807782,7.38457032559214,10.5298992609245,3.15983862777097e-20,7.46837766758476e-19,35.2774961814979,"Up"
"GNE",-1.06766744575671,10.6037831289758,-9.33260647227346,6.05711618124345e-17,7.76340219926932e-16,27.8034478242228,"Down"
"CLIC6",-1.06720550063041,7.44776427277325,-8.00190822468987,1.92062889680461e-13,1.36850548856806e-12,19.8504399106819,"Down"
"RPS5",1.06662368033224,12.808338937568,11.9760365504171,2.77475205714886e-24,1.44519177143793e-22,44.5259841535533,"Up"
"PROC",-1.06560561738876,11.6463289463175,-9.76835385419933,3.97110689352555e-18,6.16231463011555e-17,30.4963243394752,"Down"
"REEP6",-1.06557058561042,11.3637933942799,-7.42823749253298,5.30821197572728e-12,3.0388576777977e-11,16.5850037945686,"Down"
"DHRS1",-1.0650704504438,11.3309724800128,-8.55384117946796,7.15988331595995e-15,6.40143625059265e-14,23.0922870269799,"Down"
"SMIM14",-1.06490172084773,12.2224783892229,-9.84231304190642,2.49254793286845e-18,4.00232780745233e-17,30.9567948238781,"Down"
"TFRC",1.06465942273036,11.08919814122,8.41362802138687,1.6646110710341e-14,1.40165928103595e-13,22.2603140035436,"Up"
"CENPM",1.06346038996191,8.07944947201167,9.6554036464378,8.07339643520857e-18,1.18478747071201e-16,29.79491960413,"Up"
"KPNA2",1.06314328118448,7.65931952528829,11.793349326867,9.09515264744025e-24,4.25718533886558e-22,43.3499899686584,"Up"
"IDNK",-1.06189183086613,10.1399527806902,-10.0766652450818,5.66607304191031e-19,1.03778982326447e-17,32.4217465591387,"Down"
"LHPP",-1.05925145683736,10.246621902038,-8.72722868503577,2.50470542768447e-15,2.43549869930242e-14,24.1284352613724,"Down"
"RND1",-1.05908077383433,8.9479746339051,-7.16654336426994,2.32182975087258e-11,1.21326404676206e-10,15.1355655486619,"Down"
"GAGE12C",1.05801911730981,7.56929600137167,3.38460238286702,0.000887454712813754,0.00159186147171339,-1.73574452870888,"Up"
"FANCD2",1.05776866218456,7.60207705411028,12.4276714390441,1.46776746283732e-25,9.91643083500894e-24,47.4380867289419,"Up"
"BRSK1",1.05731091461266,8.68153254768909,7.69497469553218,1.14988293020176e-12,7.38554852434075e-12,18.088995334507,"Up"
"PTGES3",1.05661747240346,10.007319063455,12.5070537843996,8.75165174255438e-26,6.20544098557457e-24,47.9504172105163,"Up"
"MESP1",1.05567834783966,7.86669781533565,10.5212343593568,3.33991067780492e-20,7.85509698492609e-19,35.2226509708131,"Up"
"CSTB",1.05503940415934,11.459409718929,9.5273781906265,1.79957411302693e-17,2.53444444649801e-16,29.002686293603,"Up"
"G6PC",-1.05445568047163,11.9557369310607,-5.09125967162443,9.46741535769008e-07,2.60422105181861e-06,4.7807730949854,"Down"
"DYNLL1",1.05333987939276,11.136807111488,12.3840212262828,1.95039898418506e-25,1.26405269911686e-23,47.1564148032003,"Up"
"MTMR11",1.05266512763334,8.61712805929069,6.12814066667688,6.13495135510359e-09,2.28236125348438e-08,9.67594777497737,"Up"
"PPP1R15A",-1.05077951184753,9.99415253729113,-9.12919362661056,2.13444801614717e-16,2.52033791717032e-15,26.5593245019472,"Down"
"MCM4",1.05011668839459,8.81919143583624,8.36255409841118,2.26052661035621e-14,1.85757444865933e-13,21.958630425999,"Up"
"UGT1A6",1.0484883359045,8.42415554216177,5.67072299918905,6.08862681174759e-08,1.98514458968042e-07,7.4405467087064,"Up"
"SULT2A1",-1.04661516943109,13.2346969589987,-5.78256243106777,3.50901588481064e-08,1.18676822947209e-07,7.97654002530811,"Down"
"ATP2A2",1.04645480493957,9.96062277656839,11.3851389314681,1.28342420655327e-22,4.78710544543295e-21,40.7283913352596,"Up"
"AMDHD1",-1.04604796619223,10.9141178630794,-7.11542227097024,3.08819446005207e-11,1.58028614688552e-10,14.8556005340412,"Down"
"CPN2",-1.04595359732339,11.280413138948,-7.74781963493573,8.46815030988632e-13,5.53327175586231e-12,18.3899854515862,"Down"
"DACH1",-1.04588497858281,7.4179179345508,-16.531569692927,4.68688581119172e-37,2.48630612865552e-34,73.6642779129226,"Down"
"OASL",-1.0448333886469,8.75784973589356,-7.17531129338231,2.21075211109877e-11,1.15860235957803e-10,15.1836898148809,"Down"
"HSPA1A",1.04474693965364,11.829688578226,7.34623687487424,8.45196880706627e-12,4.70309049042775e-11,16.1279592311314,"Up"
"CYP2D7",-1.04410028737444,10.3302780951292,-5.80013129291824,3.21607449277483e-08,1.09311426103498e-07,8.06137476790242,"Down"
"SOCS3",-1.04397355075016,7.7591102963816,-9.08576847245195,2.78984774245792e-16,3.20698147794741e-15,26.2948896657363,"Down"
"SPTBN1",-1.04337799155352,11.2199504370945,-7.79956314092686,6.27051847055799e-13,4.15414597843673e-12,18.6856383769671,"Down"
"MRPL24",1.04266302361807,10.4819475130967,11.026100053741,1.30506300903504e-21,3.96025794034087e-20,38.43189111143,"Up"
"MAN1C1",-1.03902495678845,7.98719637561211,-10.4626441217962,4.85726773593659e-20,1.1167037846199e-18,34.8520373417748,"Down"
"RUNDC3B",-1.03875292663227,9.53480643429338,-6.61662734083941,4.72202417773243e-10,2.04950158477762e-09,12.1823398168884,"Down"
"EIF2AK4",-1.0378129713187,9.7266956889937,-8.28479669183122,3.59696858585114e-14,2.86059861494424e-13,21.5007784182793,"Down"
"ITIH4",-1.03724608028446,8.93857590308036,-8.26891540044692,3.95409425966323e-14,3.1169230644555e-13,21.4074839087932,"Down"
"RPL17",1.03679940098279,9.79737831276609,7.69362576537076,1.15888370202173e-12,7.43397493438689e-12,18.0813249765878,"Up"
"SYAP1",-1.03678849752036,10.1217016549632,-9.73921417719017,4.7697751620643e-18,7.29108747558665e-17,30.3151569617686,"Down"
"CD24",1.03610423790687,10.9152111521309,3.68397524016504,0.000309443912758616,0.000594921498314315,-0.750127495613757,"Up"
"AGPAT2",-1.03467412397718,9.9451081598716,-9.03538169024169,3.80449894260548e-16,4.23579036706979e-15,25.9885948809418,"Down"
"RIDA",-1.03399571569405,10.1976312401058,-7.46172610995711,4.38675782683749e-12,2.55620554734717e-11,16.7723922267341,"Down"
"TTK",1.03390892089397,7.74843211920765,11.8853609034342,5.00269250131837e-24,2.46232181087227e-22,43.9421099023537,"Up"
"ERICH5",1.0333494610369,8.487018185922,5.32216026578024,3.24602487941122e-07,9.52136275810095e-07,5.81635225836011,"Up"
"ALDH1L1",-1.03318137916352,11.6326734734246,-4.56416364936219,9.65236489811784e-06,2.31382129599568e-05,2.54556495042172,"Down"
"TCEB1",1.03219108415512,11.3218557784456,11.5699117579422,3.87722351331188e-23,1.59121697367238e-21,41.9138413994088,"Up"
"DAD1",1.03219012875258,12.1860292874591,11.7258402444944,1.4098777484641e-23,6.43110795899722e-22,42.9158010953142,"Up"
"DBT",-1.03208695424432,11.16253209395,-11.4432856404418,8.80793268727016e-23,3.37315561175857e-21,41.101208610151,"Down"
"TRIB1",-1.02996133839739,12.1182299282745,-8.80415331711132,1.56800761402787e-15,1.57604021443657e-14,24.5906158162605,"Down"
"TUBA1A",1.02850396799992,9.22072378715119,9.02733018630989,3.99762540525301e-16,4.4283053889744e-15,25.9397044818192,"Up"
"CFHR4",-1.02827269770117,9.03717664494103,-5.06982124595243,1.04399604220038e-06,2.85093523592679e-06,4.6863152232608,"Down"
"PSMD4",1.02815004881541,11.3104542509417,11.9708505520033,2.86990773880016e-24,1.48933654140705e-22,44.4925819609194,"Up"
"PEMT",-1.02777117975222,8.80001077818809,-5.96581247106752,1.40237463073247e-08,4.97306556969082e-08,8.86971812837184,"Down"
"IQGAP2",-1.02765554790829,10.8930130542335,-10.3472647148436,1.01434743895978e-19,2.21133917324519e-18,34.1234556145454,"Down"
"MSRA",-1.02714101512706,9.71182057111841,-9.31263860663705,6.85684835486958e-17,8.72983457660418e-16,27.6809327582001,"Down"
"PALM2",-1.02608864577541,8.20583974030499,-9.83217644983598,2.65698030882562e-18,4.23036354016482e-17,30.8936298271037,"Down"
"ACADVL",-1.02556033655652,10.0829062268553,-10.8261243106815,4.72796685194233e-21,1.31748383697218e-19,37.1575856976152,"Down"
"ADGRL2",-1.02554161507336,9.43346221275555,-7.68487743599723,1.21897384723412e-12,7.79088014901127e-12,18.0315952908842,"Down"
"ETS2",-1.0255091837683,10.3929176780438,-7.96992427233787,2.31760879998036e-13,1.63281410930244e-12,19.6654279143934,"Down"
"GRAP",-1.02537030649658,8.46453547306811,-13.3374799707416,3.91322083902006e-28,4.34923191278997e-26,53.3112728606032,"Down"
"COL4A1",1.02513360051847,11.3307663550974,8.03473935729519,1.58322719504196e-13,1.14124625639587e-12,20.0406943890421,"Up"
"ELOVL6",-1.02390591200242,10.2778576622372,-7.72496520966879,9.66718013611717e-13,6.27097015804376e-12,18.2596935674244,"Down"
"TCP1",1.02180477644819,7.86558305109706,10.2592296648888,1.77707790408929e-19,3.68992009051899e-18,33.5687135823444,"Up"
"PIR",1.01869231780838,9.57376127559184,8.00183727244458,1.92143024332219e-13,1.36850548856806e-12,19.8500291205527,"Up"
"PODXL",1.01840577561612,8.58301220828066,8.88409384921557,9.62312163243818e-16,1.00533895799717e-14,25.0724757658573,"Up"
"STAMBPL1",1.01840354489363,8.10925934028311,8.50853659795028,9.40900068461872e-15,8.23747657737126e-14,22.8228727655771,"Up"
"GLRX3",1.01797510926673,8.96666619731573,9.20956330869235,1.29895677607183e-16,1.58071010226651e-15,27.0498278882117,"Up"
"C1QC",-1.01789989905971,10.6827582282853,-6.37801093999357,1.6756551491113e-09,6.75877462706875e-09,10.9434187948772,"Down"
"TK1",1.01785665166746,8.12383121508958,9.29504823508615,7.64789728027173e-17,9.67675200930495e-16,27.5730733488107,"Up"
"CTSV",1.01765792248753,7.50308685040721,8.14678682353739,8.1684333844208e-14,6.14154705328394e-13,20.692566036359,"Up"
"SEC61G",1.01706457797267,12.0967293945007,10.1774489311392,2.98903431326117e-19,5.76980302814552e-18,33.0543335226694,"Up"
"PCYOX1",-1.015373548976,11.0994273879671,-8.81491826524504,1.46836371377142e-15,1.4842183113866e-14,24.6554123594954,"Down"
"COX7A2",1.01455730215662,13.0173232197247,9.67956963210612,6.93756088946931e-18,1.02651533698212e-16,29.9447972356045,"Up"
"AR",-1.01448226973165,9.54638860409253,-6.99682079258416,5.96171272695439e-11,2.92530357616197e-10,14.210229289521,"Down"
"NME1",1.01387808911867,12.253554471685,11.5408173145073,4.68203312564687e-23,1.8997382566187e-21,41.7270387547884,"Up"
"FBLN5",-1.01370925664708,8.23483137306155,-8.78132129705765,1.80213183270466e-15,1.79249543332144e-14,24.4532805072891,"Down"
"HSPA8",1.01240501276587,11.9708691683941,8.29540697536727,3.37639747849444e-14,2.69566003815362e-13,21.5631499092146,"Up"
"NSMCE2",1.01228899521803,8.94563548680506,11.1575382025067,5.58957524801992e-22,1.815407852095e-20,39.271415777978,"Up"
"SF3B6",1.0122849975206,10.859493409587,10.0349404572246,7.3805545534606e-19,1.30993411238186e-17,32.1602943603723,"Up"
"ABLIM3",-1.01217891620061,8.86707849343589,-8.89284209852273,9.12164066164713e-16,9.58541886990255e-15,25.1253024915211,"Down"
"CYP2C19",-1.01212610541356,7.35155917857392,-10.1842339993539,2.86292438483085e-19,5.56386241030289e-18,33.0969740889462,"Down"
"SH3YL1",-1.01174143116704,8.11359840229188,-8.79598962408105,1.6480273333724e-15,1.64952449307428e-14,24.541496002322,"Down"
"B3GAT1",-1.0107448720618,7.65333072776146,-13.0646846301915,2.31292463307062e-27,2.253606770032e-25,51.5506091750938,"Down"
"SPG7",-1.00979343702717,10.2925293890468,-11.6551307907271,2.23088480255123e-23,9.71214681669949e-22,42.4612753222003,"Down"
"N4BP2L1",-1.00970669642742,9.02442735401577,-9.66949198704556,7.39047749180532e-18,1.09127638263018e-16,29.882282874368,"Down"
"DTWD2",-1.00942077314431,11.0880302287916,-7.01463385955954,5.4028350140805e-11,2.66476604361828e-10,14.3067843372766,"Down"
"CYP2C18",-1.00885872081931,10.1654540678954,-5.18741990368803,6.08531274281562e-07,1.72082792527835e-06,5.20802253563484,"Down"
"SPARCL1",1.00841222481562,9.60473999346044,5.70764580852304,5.0795623850824e-08,1.67791909689888e-07,7.61672219044455,"Up"
"IVD",-1.00725809833394,9.21866907413772,-10.9924564984048,1.62103257772217e-21,4.86751564165925e-20,38.217243242395,"Down"
"MAGEA1",1.00717630359131,7.30346365150685,5.53892265268175,1.15558677876338e-07,3.60755654582125e-07,6.81802403208709,"Up"
"CDT1",1.00570783691396,7.34298542147011,10.4350229517093,5.79445728706459e-20,1.31736526543851e-18,34.6774654661922,"Up"
"ATP5F1",1.00564162477677,9.39140054767362,7.98392978066789,2.13464931354004e-13,1.50836616269532e-12,19.7464024729663,"Up"
"C2CD4B",-1.00505609764034,7.56423538803544,-11.0900515879834,8.64038120017564e-22,2.72812676663421e-20,38.8401805845731,"Down"
"JUNB",-1.00285405001966,8.36448696188256,-9.0767525838693,2.94919500958391e-16,3.37660432632057e-15,26.2400409510867,"Down"
"NQO1",1.00278254410983,9.58524155298445,4.13001314880537,5.70838321890162e-05,0.000122709249353636,0.848293487182922,"Up"
"NAXE",1.00247662406728,11.1511211117428,11.8337521117445,6.99575334501124e-24,3.39661610713885e-22,43.6099463872666,"Up"
"ACP1",1.00236426455926,10.688144329462,9.05783545562164,3.31354947997372e-16,3.75177622147538e-15,26.125017174108,"Up"
"DONSON",1.00172851873315,8.04083635914761,11.3336309778992,1.7911025886642e-22,6.44571919031088e-21,40.398332241517,"Up"
"APCS",-1.00088491284265,13.4912725561402,-4.00245332266744,9.39054979959636e-05,0.00019534472449669,0.375726032234694,"Down"
"ECHDC3",-1.00051123768482,10.861193074407,-4.89650716762331,2.2781062655016e-06,5.96404972414174e-06,3.93352261573211,"Down"
"TMPRSS6",-1.00047832167076,10.6407286364461,-5.77066496894195,3.72205738918264e-08,1.25172641430531e-07,7.91918810214539,"Down"
"DLC1",-1.00020366352305,8.51711609361734,-6.18008788174053,4.69581088092822e-09,1.7741519189537e-08,9.93685137084952,"Down"
