"ID","Description","GeneRatio","BgRatio","RichFactor","FoldEnrichment","zScore","pvalue","p.adjust","qvalue","geneID","Count"
"GO:0016614","oxidoreductase activity, acting on CH-OH group of donors","54/1487","135/18496",0.4,4.97538668459987,13.7069667473352,1.00489270219467e-24,1.26214523395651e-21,1.26214523395651e-21,"HAO1/HPGD/ME1/ALDH3A2/DHRS4L2/HSD17B6/SRD5A2/BDH1/HMGCR/DCXR/CYP4F2/ADH1B/AKR1D1/DHRS7/EHHADH/HSD17B13/UGDH/ADH4/AKR1B15/CBR1/ALDH3A1/RDH5/CBR4/G6PD/ADH1C/ABCC4/HSD17B8/AKR1C3/HSD17B2/DHRS1/GPD1/DHRS4/CYP4F3/ADH6/GRHPR/CRYL1/HADH/AKR1C4/HSD17B14/ADHFE1/GPD1L/LDHD/CHDH/HSD3B7/CYP27A1/ADH1A/PHGDH/IDH2/RDH16/HSD11B1/HAO2/AKR1B10/AKR7A3/CYP4A22",54
"GO:0016616","oxidoreductase activity, acting on the CH-OH group of donors, NAD or NADP as acceptor","48/1487","125/18496",0.384,4.77637121721587,12.525831012811,3.19066845145542e-21,2.003739787514e-18,2.003739787514e-18,"HPGD/ME1/DHRS4L2/HSD17B6/SRD5A2/BDH1/HMGCR/DCXR/ADH1B/AKR1D1/DHRS7/EHHADH/HSD17B13/UGDH/ADH4/AKR1B15/CBR1/ALDH3A1/RDH5/CBR4/G6PD/ADH1C/ABCC4/HSD17B8/AKR1C3/HSD17B2/DHRS1/GPD1/DHRS4/ADH6/GRHPR/CRYL1/HADH/AKR1C4/HSD17B14/ADHFE1/GPD1L/LDHD/HSD3B7/CYP27A1/ADH1A/PHGDH/IDH2/RDH16/HSD11B1/AKR1B10/AKR7A3/CYP4A22",48
"GO:0004497","monooxygenase activity","41/1487","104/18496",0.394230769230769,4.90362629972583,11.8035783549307,8.05451952676161e-19,3.37215884187086e-16,3.37215884187086e-16,"AGMO/FMO3/FAXDC2/CYP4F2/CYP2E1/CYP2D6/AKR1D1/CYP2C18/CYP1A1/DBH/KMO/CYP2A7/CYP4V2/CYP4A11/CYP8B1/CYP2D7/CYP4F12/CYP7A1/AKR1C3/CYP4F11/PAH/CYP4F3/CYP1A2/CYP11A1/AKR1C4/CYP39A1/FMO4/CYP3A4/CYP2C9/CYP17A1/SQLE/CYP27A1/CYP2B6/CYP2J2/CYP26A1/CH25H/CYP4X1/FMO1/CYP4A22/CYP2A6/CYP2C8",41
"GO:0019842","vitamin binding","47/1487","150/18496",0.313333333333333,3.8973862362699,10.5347586196287,1.10146632949764e-16,3.45860427462259e-14,3.45860427462259e-14,"GNMT/OGDHL/CBS/GPT2/ACACB/SDSL/FTCD/CSAD/TKT/AADAT/GCAT/KYNU/DDC/RBP4/AGXT/DBH/ADH4/SDS/RBP5/GLDC/ABAT/C8G/SEC14L2/DHTKD1/AGXT2/P3H2/MTHFS/ETNPPL/AFM/PC/GOT2/RBP1/SHMT1/PCCA/TYMS/PDXK/GOT1/P4HA2/CTH/PLOD2/TAT/P4HTM/ALAS1/PSAT1/NPC1L1/GPT/OAT",47
"GO:0005506","iron ion binding","47/1487","153/18496",0.30718954248366,3.82096689830382,10.359809845353,2.63185559484105e-16,6.61122125424072e-14,6.61122125424072e-14,"AGMO/FAXDC2/SC5D/CYP4F2/CYP2E1/CYP2D6/CDO1/CYP2C18/CYP1A1/CYGB/LCN2/CYP2A7/CYP4V2/CYP4A11/CYP8B1/CYP2D7/CYP4F12/CYP7A1/BBOX1/CYP4F11/P3H2/PAH/CYP4F3/CYP1A2/CYP11A1/AOX1/HBA2/CYP39A1/XDH/CYP3A4/CYP2C9/CYP17A1/P4HA2/CYP27A1/CYP2B6/CYP2J2/ADI1/CYP26A1/PLOD2/FTH1/CH25H/P4HTM/CYP4X1/CYP4A22/CYP2A6/CYP2C8/HBA1",47
"GO:0016705","oxidoreductase activity, acting on paired donors, with incorporation or reduction of molecular oxygen","50/1487","179/18496",0.279329608938547,3.47443204231834,9.83599128263286,2.19086605435985e-15,4.58621294045996e-13,4.58621294045996e-13,"AGMO/FMO3/FAXDC2/SC5D/CYP4F2/CYP2E1/CYP2D6/AKR1D1/CYP2C18/CYP1A1/DBH/KMO/CYP2A7/PTGS2/CYP4V2/CYP4A11/CYP8B1/CYP2D7/CYP4F12/CYP7A1/BBOX1/AKR1C3/CYP4F11/P3H2/PAH/CYP4F3/CYP1A2/KDM8/CYP11A1/AKR1C4/CYP39A1/FMO4/CYP3A4/CYP2C9/CYP17A1/FADS1/SQLE/P4HA2/CYP27A1/CYP2B6/CYP2J2/CYP26A1/PLOD2/CH25H/P4HTM/CYP4X1/FMO1/CYP4A22/CYP2A6/CYP2C8",50
"GO:0016712","oxidoreductase activity, acting on paired donors, with incorporation or reduction of molecular oxygen, reduced flavin or flavoprotein as one donor, and incorporation of one atom of oxygen","23/1487","43/18496",0.534883720930233,6.65313335731377,10.973198337226,1.11980959851385e-14,2.00925836533343e-12,2.00925836533343e-12,"CYP4F2/CYP2E1/CYP2D6/CYP2C18/CYP1A1/CYP2A7/CYP4V2/CYP4A11/CYP8B1/CYP2D7/CYP4F12/CYP7A1/CYP4F11/CYP4F3/CYP1A2/CYP39A1/CYP3A4/CYP2C9/CYP2B6/CYP2J2/CYP4A22/CYP2A6/CYP2C8",23
"GO:0020037","heme binding","40/1487","141/18496",0.283687943262411,3.52864303872331,8.91175316389995,7.95185542122928e-13,1.248441301133e-10,1.248441301133e-10,"STEAP3/CBS/CYP4F2/CYP2E1/CYP2D6/CYP2C18/CYP1A1/CYGB/CYP2A7/HBB/PTGS2/CYP4V2/HRG/CYP4A11/CYP8B1/CYP2D7/CYP4F12/CYP7A1/CAT/CYP4F11/CYP4F3/CYP1A2/CYP11A1/HBA2/CYP39A1/CYP3A4/CYP2C9/CYP17A1/CYP27A1/CYP2B6/CYP2J2/CYP26A1/TDO2/STC2/CYP4X1/CYP4A22/CYP2A6/AMBP/CYP2C8/HBA1",40
"GO:0016709","oxidoreductase activity, acting on paired donors, with incorporation or reduction of molecular oxygen, NAD(P)H as one donor, and incorporation of one atom of oxygen","20/1487","38/18496",0.526315789473684,6.54656142710509,10.1196750233149,9.23698732387758e-13,1.28907289764336e-10,1.28907289764336e-10,"FMO3/CYP4F2/CYP2E1/CYP2D6/AKR1D1/CYP1A1/KMO/CYP7A1/AKR1C3/CYP4F11/AKR1C4/FMO4/CYP3A4/CYP2C9/SQLE/CYP27A1/CYP2B6/CYP26A1/CYP4X1/FMO1",20
"GO:0030170","pyridoxal phosphate binding","24/1487","56/18496",0.428571428571429,5.33077144778557,9.59670359920865,1.55815583827114e-12,1.95704373286855e-10,1.95704373286855e-10,"CBS/GPT2/SDSL/CSAD/AADAT/GCAT/KYNU/DDC/AGXT/SDS/GLDC/ABAT/AGXT2/ETNPPL/GOT2/SHMT1/PDXK/GOT1/CTH/TAT/ALAS1/PSAT1/GPT/OAT",24
"GO:0070279","vitamin B6 binding","24/1487","57/18496",0.421052631578947,5.23724914168407,9.47318475873409,2.48734077740899e-12,2.84009092402335e-10,2.84009092402335e-10,"CBS/GPT2/SDSL/CSAD/AADAT/GCAT/KYNU/DDC/AGXT/SDS/GLDC/ABAT/AGXT2/ETNPPL/GOT2/SHMT1/PDXK/GOT1/CTH/TAT/ALAS1/PSAT1/GPT/OAT",24
"GO:0043177","organic acid binding","49/1487","207/18496",0.236714975845411,2.94437134716659,8.31788031080387,3.89057640189383e-12,4.07213663398221e-10,4.07213663398221e-10,"GNMT/ACOX2/DBT/PCK1/ACACB/FTCD/RXRA/AGXT/DBH/DDAH1/RBP5/GLDC/CPS1/PLA2G1B/SERPINA5/HBB/NR2F2/FABP1/MDK/AKR1C3/CYP4F11/P3H2/MTHFS/PC/GRHPR/OTC/GSTM2/RBP1/SHMT1/PCCA/TYMS/AKR1C4/HBA2/ASS1/P4HA2/CYP26A1/TDO2/PLOD2/TAT/P4HTM/GLUD1/FABP5/FURIN/TM4SF5/SCP2/SLC1A1/AMBP/FABP4/HBA1",49
"GO:0046906","tetrapyrrole binding","40/1487","151/18496",0.264900662251656,3.29495806927143,8.37235494943961,8.72681391661668e-12,8.43144483020812e-10,8.43144483020812e-10,"STEAP3/CBS/CYP4F2/CYP2E1/CYP2D6/CYP2C18/CYP1A1/CYGB/CYP2A7/HBB/PTGS2/CYP4V2/HRG/CYP4A11/CYP8B1/CYP2D7/CYP4F12/CYP7A1/CAT/CYP4F11/CYP4F3/CYP1A2/CYP11A1/HBA2/CYP39A1/CYP3A4/CYP2C9/CYP17A1/CYP27A1/CYP2B6/CYP2J2/CYP26A1/TDO2/STC2/CYP4X1/CYP4A22/CYP2A6/AMBP/CYP2C8/HBA1",40
"GO:0031406","carboxylic acid binding","46/1487","195/18496",0.235897435897436,2.93420240373838,8.02832740727971,2.00939384995414e-11,1.80271333967314e-09,1.80271333967314e-09,"GNMT/ACOX2/DBT/PCK1/ACACB/FTCD/RXRA/AGXT/DBH/DDAH1/RBP5/GLDC/CPS1/PLA2G1B/SERPINA5/NR2F2/FABP1/MDK/AKR1C3/CYP4F11/P3H2/MTHFS/PC/GRHPR/OTC/GSTM2/RBP1/SHMT1/PCCA/TYMS/AKR1C4/ASS1/P4HA2/CYP26A1/TDO2/PLOD2/TAT/P4HTM/GLUD1/FABP5/FURIN/TM4SF5/SCP2/SLC1A1/AMBP/FABP4",46
"GO:0008391","arachidonic acid monooxygenase activity","13/1487","18/18496",0.722222222222222,8.98333706941643,10.0192796616048,3.25803246863079e-11,2.72805918706685e-09,2.72805918706685e-09,"CYP4F2/CYP2E1/CYP2C18/CYP1A1/CYP2A7/CYP4A11/CYP4F12/CYP2C9/CYP2B6/CYP2J2/CYP4A22/CYP2A6/CYP2C8",13
"GO:0008514","organic anion transmembrane transporter activity","51/1487","242/18496",0.210743801652893,2.62132976151439,7.5066000297034,1.37913205385888e-10,1.08261866227922e-08,1.08261866227922e-08,"SLC2A2/SLC4A4/SLC43A3/ABCB11/SLC1A2/ABCC2/SLC38A4/SLC7A2/MFSD2A/SLC2A6/SLC26A6/MPC1/SLC17A3/SLC51B/SLC39A14/SLC25A42/SLC22A1/SLC23A3/SLC38A6/SLC26A3/SLC27A5/SLC7A10/SLC47A1/SLC7A5/ABCC4/SLC6A12/SLC25A47/SLC10A1/SLC16A2/SLC6A1/SLC13A5/SLC38A1/SLC2A1/SLCO1B1/AKR1C4/GJA1/SLC38A2/SLC25A15/SLC27A2/SLC25A25/SLC7A1/SLC22A11/SLC2A10/SLCO2B1/SLC16A10/CEACAM1/ABCC3/SLC22A7/SLC38A3/SLC1A1/SLCO1B3",51
"GO:0050660","flavin adenine dinucleotide binding","27/1487","88/18496",0.306818181818182,3.81634774102831,7.83010474760622,5.97058700314657e-10,4.41121016232476e-08,4.41121016232476e-08,"STEAP3/FMO3/ACOX2/DAO/QSOX1/ETFDH/ACADS/KMO/PRODH/CRY2/PIPOX/ACADSB/POR/AOX1/GCDH/FMO4/XDH/TXNRD1/ACADL/IVD/LDHD/CHDH/SQLE/PRODH2/NQO2/FMO1/ACAD11",27
"GO:0005319","lipid transporter activity","40/1487","172/18496",0.232558139534884,2.89266667709295,7.37346255814269,6.41687939225864e-10,4.47755584259825e-08,4.47755584259825e-08,"SLC43A3/ABCB11/CETP/MFSD2A/ABCA6/SLC51B/APOC4/ABCG8/RBP4/ATP9A/ATP11C/APOM/ABCA8/SLC22A1/APOA4/APOF/SLC27A5/MTTP/ABCC4/FABP1/SLC10A1/GLTPD2/SLC2A1/SLCO1B1/ABCB4/AKR1C4/GRAMD1A/SLC27A2/SLC22A11/SLCO2B1/CEACAM1/ABCC3/FABP5/SLC22A7/CIDEC/STARD5/TMEM30B/FABP4/CIDEB/SLCO1B3",40
"GO:0008483","transaminase activity","14/1487","25/18496",0.56,6.96554135843981,8.82506520003598,8.49503417115535e-10,5.61566469419532e-08,5.61566469419532e-08,"GPT2/AADAT/AGXT/BCAT1/ABAT/AGXT2/ETNPPL/GOT2/BCAT2/GOT1/TAT/PSAT1/GPT/OAT",14
"GO:0016829","lyase activity","43/1487","196/18496",0.219387755102041,2.72884728874738,7.19452929844865,1.03736131524632e-09,6.5146290597469e-08,6.5146290597469e-08,"CBS/ME1/TKFC/CLYBL/PCK1/SDSL/FTCD/CSAD/ODC1/HACD2/PCK2/DDC/EHHADH/CYP1A1/SDS/FH/GLDC/NPL/GGACT/ECHS1/HAL/CA12/CA2/ACMSD/ETNPPL/TGDS/CA4/CYP1A2/NTHL1/FAHD1/GOT1/CYP17A1/CA5A/CTH/ECHDC2/ECHDC3/AZIN1/ALDOB/ENO3/ALAD/HMGCL/HOGA1/NPR2",43
"GO:0016903","oxidoreductase activity, acting on the aldehyde or oxo group of donors","19/1487","48/18496",0.395833333333333,4.92355973996862,8.04765786676122,1.69663459936455e-09,8.9981675266584e-08,8.9981675266584e-08,"OGDHL/HAO1/ALDH3A2/ALDH6A1/ALDH4A1/ALDH1B1/ADH4/ALDH3A1/ALDH1L1/ALDH8A1/ALDH7A1/DHTKD1/AKR1C3/ALDH5A1/ALDH2/AOX1/AKR1C4/CYP27A1/AKR1B10",19
"GO:0016769","transferase activity, transferring nitrogenous groups","14/1487","26/18496",0.538461538461538,6.69763592157674,8.59589658942904,1.70416630801184e-09,8.9981675266584e-08,8.9981675266584e-08,"GPT2/AADAT/AGXT/BCAT1/ABAT/AGXT2/ETNPPL/GOT2/BCAT2/GOT1/TAT/PSAT1/GPT/OAT",14
"GO:0070330","aromatase activity","14/1487","26/18496",0.538461538461538,6.69763592157674,8.59589658942904,1.70416630801184e-09,8.9981675266584e-08,8.9981675266584e-08,"CYP4F2/CYP2E1/CYP2C18/CYP1A1/CYP2A7/CYP4A11/CYP2D7/CYP4F12/CYP4F11/CYP4F3/CYP1A2/CYP3A4/CYP2C9/CYP2C8",14
"GO:0051287","NAD binding","20/1487","53/18496",0.377358490566038,4.69376102320742,7.96222062861919,1.71939506878823e-09,8.9981675266584e-08,8.9981675266584e-08,"HPGD/ME1/ALDH1B1/EHHADH/UGDH/ADH4/HSD17B8/RNLS/ALDH2/GPD1/GRHPR/CRYL1/HADH/AOX1/QDPR/NNT/GPD1L/PHGDH/IDH2/GLUD1",20
"GO:0005342","organic acid transmembrane transporter activity","38/1487","165/18496",0.23030303030303,2.86461657598174,7.11347313350869,2.29129661640467e-09,1.15114742008171e-07,1.15114742008171e-07,"SLC43A3/ABCB11/SLC1A2/ABCC2/SLC38A4/SLC7A2/MFSD2A/SLC26A6/SLC29A4/MPC1/SLC51B/SLC23A3/SLC38A6/SLC26A3/SLC27A5/SLC7A10/SLC47A1/SLC7A5/ABCC4/SLC6A12/SLC10A1/SLC16A2/SLC6A1/SLC13A5/SLC38A1/SLCO1B1/AKR1C4/SLC38A2/SLC25A15/SLC27A2/SLC7A1/SLC16A10/CEACAM1/ABCC3/SLC22A7/SLC38A3/SLC1A1/SLCO1B3",38
"GO:0008392","arachidonic acid epoxygenase activity","11/1487","16/18496",0.6875,8.55144586415602,8.93474953785277,2.61911839465994e-09,1.2201751426535e-07,1.2201751426535e-07,"CYP4F2/CYP2E1/CYP2C18/CYP2A7/CYP4A11/CYP4F12/CYP2C9/CYP2B6/CYP2J2/CYP2A6/CYP2C8",11
"GO:0016229","steroid dehydrogenase activity","16/1487","35/18496",0.457142857142857,5.68615621097127,8.20477043164616,2.62298796589527e-09,1.2201751426535e-07,1.2201751426535e-07,"HSD17B6/SRD5A2/AKR1D1/HSD17B13/AKR1B15/RDH5/HSD17B8/AKR1C3/HSD17B2/DHRS1/AKR1C4/SRD5A1/HSD17B14/HSD3B7/RDH16/HSD11B1",16
"GO:0046943","carboxylic acid transmembrane transporter activity","37/1487","164/18496",0.225609756097561,2.80623944100907,6.86966536992124,6.7391440331545e-09,3.02298746630073e-07,3.02298746630073e-07,"SLC43A3/ABCB11/SLC1A2/ABCC2/SLC38A4/SLC7A2/MFSD2A/SLC26A6/MPC1/SLC51B/SLC23A3/SLC38A6/SLC26A3/SLC27A5/SLC7A10/SLC47A1/SLC7A5/ABCC4/SLC6A12/SLC10A1/SLC16A2/SLC6A1/SLC13A5/SLC38A1/SLCO1B1/AKR1C4/SLC38A2/SLC25A15/SLC27A2/SLC7A1/SLC16A10/CEACAM1/ABCC3/SLC22A7/SLC38A3/SLC1A1/SLCO1B3",37
"GO:0008395","steroid hydroxylase activity","13/1487","26/18496",0.5,6.21923335574983,7.87414127888129,2.14147567511115e-08,9.27480499289518e-07,9.27480499289518e-07,"CYP1A1/CYP8B1/CYP7A1/CYP1A2/CYP11A1/CYP39A1/CYP3A4/CYP2C9/CYP17A1/CYP27A1/CYP2B6/CH25H/CYP2C8",13
"GO:0030414","peptidase inhibitor activity","37/1487","175/18496",0.211428571428571,2.62984724757421,6.40522812426323,4.1970688816666e-08,1.75717283845775e-06,1.75717283845775e-06,"SERPINE1/SERPINH1/PTTG1/GPC3/PAPLN/FETUB/SERPINA7/SERPING1/CST1/SPP2/SERPINA3/PI3/PCSK1N/SERPINA5/SERPINA4/SERPINF2/HRG/AHSG/ITIH1/KNG1/SERPIND1/SERPINA11/ITIH2/C5/SPOCK1/SERPINF1/LPA/BST2/SERPINC1/SPINK1/FURIN/GBP2/AMBP/PROS1/A2M/SERPINA10/SLCO1B3",37
"GO:0004866","endopeptidase inhibitor activity","36/1487","168/18496",0.214285714285714,2.66538572389278,6.41143438073559,4.43610123533583e-08,1.79733650051026e-06,1.79733650051026e-06,"SERPINE1/SERPINH1/PTTG1/PAPLN/FETUB/SERPINA7/SERPING1/CST1/SPP2/SERPINA3/PI3/PCSK1N/SERPINA5/SERPINA4/SERPINF2/HRG/AHSG/ITIH1/KNG1/SERPIND1/SERPINA11/ITIH2/C5/SPOCK1/SERPINF1/LPA/BST2/SERPINC1/SPINK1/FURIN/GBP2/AMBP/PROS1/A2M/SERPINA10/SLCO1B3",36
"GO:0033764","steroid dehydrogenase activity, acting on the CH-OH group of donors, NAD or NADP as acceptor","14/1487","32/18496",0.4375,5.4418291862811,7.43562036760615,5.24381193144363e-08,2.05819618309162e-06,2.05819618309162e-06,"HSD17B6/SRD5A2/HSD17B13/AKR1B15/RDH5/HSD17B8/AKR1C3/HSD17B2/DHRS1/AKR1C4/HSD17B14/HSD3B7/RDH16/HSD11B1",14
"GO:1901681","sulfur compound binding","49/1487","275/18496",0.178181818181818,2.21630861404903,6.00851689735137,9.87919429172061e-08,3.76008122133366e-06,3.76008122133366e-06,"GNMT/OGDHL/CBS/DBT/ACACB/GREM2/F11/THBS4/TKT/LIPG/SMOC1/ANG/LIPC/TPMT/PCSK6/APOA5/F2/SERPINA5/ECM2/RSPO3/HRG/CD34/CFH/SAA1/MDK/DHTKD1/KNG1/SULT2A1/PANK1/SERPIND1/PC/PCOLCE/PCCA/GCDH/LPA/VEGFB/ACADL/SULT1A1/TGFBR3/ANGPTL3/NAV2/SOAT2/FTH1/SERPINC1/FURIN/SCP2/CLEC3B/SERPINA10/FST",49
"GO:0016620","oxidoreductase activity, acting on the aldehyde or oxo group of donors, NAD or NADP as acceptor","15/1487","39/18496",0.384615384615385,4.7840256582691,6.99437771186297,1.39462339054085e-07,5.00470565291229e-06,5.00470565291229e-06,"ALDH3A2/ALDH6A1/ALDH4A1/ALDH1B1/ADH4/ALDH3A1/ALDH1L1/ALDH8A1/ALDH7A1/AKR1C3/ALDH5A1/ALDH2/AKR1C4/CYP27A1/AKR1B10",15
"GO:0019825","oxygen binding","15/1487","39/18496",0.384615384615385,4.7840256582691,6.99437771186297,1.39462339054085e-07,5.00470565291229e-06,5.00470565291229e-06,"CBS/CYP2E1/CYP2C18/CYP1A1/CYGB/CYP2A7/HBB/SOD2/CYP8B1/HBA2/CYP3A4/CYP17A1/CYP26A1/TDO2/HBA1",15
"GO:0008236","serine-type peptidase activity","38/1487","192/18496",0.197916666666667,2.46177986998431,6.02008813269049,1.71831827770411e-07,5.99502154665658e-06,5.99502154665658e-06,"F7/F11/HABP2/F12/PRCP/MMP12/HPN/MASP1/BMP1/C1R/PCSK6/F2/MMP11/C1RL/C2/F9/PCSK9/KLKB1/PROC/CPVL/LPA/MASP2/CFI/RELN/CPD/PROZ/PRSS8/TMPRSS6/PRSS3/MMP9/FURIN/F10/CTSA/TMPRSS2/HGFAC/PLG/CTSV/HPR",38
"GO:0008028","monocarboxylic acid transmembrane transporter activity","19/1487","62/18496",0.306451612903226,3.81178818578215,6.55710165375488,2.11361961569421e-07,7.17488172246466e-06,7.17488172246466e-06,"SLC43A3/ABCB11/MFSD2A/SLC26A6/MPC1/SLC51B/SLC27A5/ABCC4/SLC6A12/SLC10A1/SLC16A2/SLC6A1/SLCO1B1/AKR1C4/SLC27A2/SLC16A10/CEACAM1/ABCC3/SLCO1B3",19
"GO:0004867","serine-type endopeptidase inhibitor activity","25/1487","101/18496",0.247524752475248,3.07882839393556,6.19402127008386,2.84800432542627e-07,9.41340377035632e-06,9.41340377035632e-06,"SERPINE1/SERPINH1/PAPLN/SERPINA7/SERPING1/SERPINA3/PI3/PCSK1N/SERPINA5/SERPINA4/SERPINF2/HRG/ITIH1/SERPIND1/SERPINA11/ITIH2/SPOCK1/SERPINF1/SERPINC1/SPINK1/FURIN/AMBP/A2M/SERPINA10/SLCO1B3",25
"GO:0017171","serine hydrolase activity","38/1487","196/18496",0.193877551020408,2.41153946447442,5.87406539558261,2.98606346583277e-07,9.61665567457938e-06,9.61665567457938e-06,"F7/F11/HABP2/F12/PRCP/MMP12/HPN/MASP1/BMP1/C1R/PCSK6/F2/MMP11/C1RL/C2/F9/PCSK9/KLKB1/PROC/CPVL/LPA/MASP2/CFI/RELN/CPD/PROZ/PRSS8/TMPRSS6/PRSS3/MMP9/FURIN/F10/CTSA/TMPRSS2/HGFAC/PLG/CTSV/HPR",38
"GO:0050661","NADP binding","17/1487","53/18496",0.320754716981132,3.98969686972631,6.44454959048289,4.42089175525423e-07,1.38816001114983e-05,1.38816001114983e-05,"FMO3/ME1/HMGCR/TM7SF2/CBR4/G6PD/ASPDH/CAT/POR/GRHPR/SRD5A1/FMO4/QDPR/TP53I3/NNT/HSD11B1/FMO1",17
"GO:0061135","endopeptidase regulator activity","36/1487","184/18496",0.195652173913043,2.43361305224993,5.77851479462779,4.82254597630007e-07,1.47734579176412e-05,1.47734579176412e-05,"SERPINE1/SERPINH1/PTTG1/PAPLN/FETUB/SERPINA7/SERPING1/CST1/SPP2/SERPINA3/PI3/PCSK1N/SERPINA5/SERPINA4/SERPINF2/HRG/AHSG/ITIH1/KNG1/SERPIND1/SERPINA11/ITIH2/C5/SPOCK1/SERPINF1/LPA/BST2/SERPINC1/SPINK1/FURIN/GBP2/AMBP/PROS1/A2M/SERPINA10/SLCO1B3",36
"GO:0004745","NAD-retinol dehydrogenase activity","10/1487","20/18496",0.5,6.21923335574983,6.90495730334612,9.55603161581744e-07,2.85770850225398e-05,2.85770850225398e-05,"HSD17B6/ADH1B/HSD17B13/ADH4/RDH5/ADH1C/AKR1C3/ADH6/ADH1A/RDH16",10
"GO:0016830","carbon-carbon lyase activity","16/1487","50/18496",0.32,3.98030934767989,6.23933790571507,9.97433211265455e-07,2.91343282174282e-05,2.91343282174282e-05,"ME1/CLYBL/PCK1/CSAD/ODC1/PCK2/DDC/NPL/ACMSD/FAHD1/GOT1/CYP17A1/AZIN1/ALDOB/HMGCL/HOGA1",16
"GO:0048029","monosaccharide binding","20/1487","75/18496",0.266666666666667,3.31692445639991,5.94468936353937,1.22592789100086e-06,3.49946688885699e-05,3.49946688885699e-05,"PKLR/COLEC10/FUOM/ASGR2/FBP1/GALK1/UGP2/DBH/COLEC11/G6PD/CLEC4G/P3H2/MBL2/HKDC1/SLC2A5/COLEC12/P4HA2/PLOD2/P4HTM/ALDOB",20
"GO:0071949","FAD binding","14/1487","40/18496",0.35,4.35346334902488,6.27766347082579,1.39749371767777e-06,3.90056024311841e-05,3.90056024311841e-05,"STEAP3/ACOX2/DAO/QSOX1/KMO/PRODH/CRY2/AOX1/XDH/TXNRD1/LDHD/SQLE/PRODH2/NQO2",14
"GO:0018455","alcohol dehydrogenase [NAD(P)+] activity","7/1487","10/18496",0.7,8.70692669804976,7.20780478079834,2.06855879223258e-06,5.64806487618288e-05,5.64806487618288e-05,"ADH1B/ADH4/ADH1C/DHRS4/ADH6/ADHFE1/ADH1A",7
"GO:0061134","peptidase regulator activity","40/1487","228/18496",0.175438596491228,2.18218714236836,5.3106956736503,2.161869811185e-06,5.77725209116672e-05,5.77725209116671e-05,"SERPINE1/SERPINH1/PTTG1/GPC3/PAPLN/FETUB/SERPINA7/SERPING1/CST1/SPP2/SERPINA3/PI3/PCSK1N/SERPINA5/SERPINA4/SERPINF2/HRG/AHSG/ITIH1/KNG1/SERPIND1/SERPINA11/ITIH2/PCOLCE/C5/SPOCK1/SERPINF1/LPA/BST2/BEX3/SERPINC1/SPINK1/FURIN/GBP2/AMBP/CTSV/PROS1/A2M/SERPINA10/SLCO1B3",40
"GO:0004252","serine-type endopeptidase activity","33/1487","174/18496",0.189655172413793,2.35901954873269,5.32546028329105,2.92022843480265e-06,7.59926727903322e-05,7.59926727903322e-05,"F7/F11/HABP2/F12/MMP12/HPN/MASP1/BMP1/C1R/PCSK6/F2/MMP11/C1RL/C2/F9/PCSK9/KLKB1/PROC/LPA/MASP2/CFI/PROZ/PRSS8/TMPRSS6/PRSS3/MMP9/FURIN/F10/TMPRSS2/HGFAC/PLG/CTSV/HPR",33
"GO:0033293","monocarboxylic acid binding","20/1487","79/18496",0.253164556962025,3.14897891430371,5.65951893586782,2.96468229834895e-06,7.59926727903322e-05,7.59926727903322e-05,"ACOX2/DBT/ACACB/RXRA/RBP5/PLA2G1B/SERPINA5/NR2F2/FABP1/AKR1C3/CYP4F11/PC/GSTM2/RBP1/PCCA/AKR1C4/CYP26A1/FABP5/SCP2/FABP4",20
"GO:0016627","oxidoreductase activity, acting on the CH-CH group of donors","17/1487","60/18496",0.283333333333333,3.5242322349249,5.79048372679926,3.08360190667756e-06,7.74600798957403e-05,7.74600798957403e-05,"ACOX2/BLVRB/SRD5A2/AKR1D1/ACADS/TM7SF2/DECR2/ACADSB/AKR1C3/ACAA1/SRD5A1/GCDH/ACADL/IVD/PECR/BLVRA/ACAD11",17
"GO:0005539","glycosaminoglycan binding","41/1487","240/18496",0.170833333333333,2.12490472988119,5.18634988026315,3.24952202709784e-06,8.00274444320565e-05,8.00274444320565e-05,"SULF2/GREM2/F11/HABP2/THBS4/LIPG/SMOC1/STAB2/ANG/LIPC/CEMIP/REG1A/PCSK6/APOA5/F2/SERPINA5/PGLYRP2/ECM2/RSPO3/HRG/REG3A/ITIH1/CFH/SAA1/MDK/KNG1/SERPIND1/ZG16/ITIH2/PCOLCE/LPA/HMMR/VEGFB/TGFBR3/ANGPTL3/NAV2/SERPINC1/FURIN/CLEC3B/LYVE1/SERPINA10",41
"GO:0008106","alcohol dehydrogenase (NADP+) activity","10/1487","23/18496",0.434782608695652,5.40802900499985,6.25436046634783,4.72717805542743e-06,0.000114179531492632,0.000114179531492632,"AKR1D1/DHRS7/ADH4/AKR1B15/CBR1/ALDH3A1/AKR1C3/DHRS4/AKR1C4/AKR1B10",10
"GO:0016645","oxidoreductase activity, acting on the CH-NH group of donors","11/1487","28/18496",0.392857142857143,4.88654049380344,6.08520959271749,5.19951732212004e-06,0.000123218750124203,0.000123218750124203,"BLVRB/ETFDH/PYCR1/DMGDH/AASS/PRODH/ALDH1L1/PIPOX/QDPR/PRODH2/MTHFD1",11
"GO:0015125","bile acid transmembrane transporter activity","9/1487","19/18496",0.473684210526316,5.89190528439458,6.30786474293559,6.02319335873424e-06,0.000140095015899448,0.000140095015899448,"ABCB11/SLC51B/ABCC4/SLC10A1/SLCO1B1/AKR1C4/CEACAM1/ABCC3/SLCO1B3",9
"GO:0030246","carbohydrate binding","44/1487","273/18496",0.161172161172161,2.00473456156039,4.94499650663812,6.92829516924819e-06,0.000158217067865013,0.000158217067865013,"PKLR/PRG4/FCN3/COLEC10/GCKR/FUOM/CHI3L1/ASGR2/FBP1/GALK1/UGP2/REG1A/CLEC1B/DBH/ITLN1/FBXO2/APCS/ADGRL2/PPP1R3C/MLEC/COLEC11/G6PD/REG3A/CD34/CLEC4G/ITIH1/P3H2/FCN2/ZG16/MBL2/ITLN2/HKDC1/LGALS8/SLC2A5/LGALS2/COLEC12/NPTX2/P4HA2/PLOD2/CD302/P4HTM/ALDOB/CLEC3B/AMBP",44
"GO:0038024","cargo receptor activity","17/1487","64/18496",0.265625,3.3039677202421,5.45912963948368,8.06632469915197e-06,0.00018091613968098,0.00018091613968098,"SORL1/PRG4/STAB2/ASGR2/MARCO/LGALS3BP/SCARA3/ACKR2/TFR2/LDLR/CXCL16/TFRC/HMMR/DAB2/COLEC12/LYVE1/SDC1",17
"GO:0016408","C-acyltransferase activity","9/1487","20/18496",0.45,5.59731002017485,6.08216326725097,1.01694035200408e-05,0.00022408369861704,0.00022408369861704,"ACAT1/ACSM3/GCAT/ACAA2/ACSM5/ACAA1/ACSM1/ACSM2B/SCP2",9
"GO:0004033","aldo-keto reductase (NADP) activity","11/1487","30/18496",0.366666666666667,4.56077112754988,5.7711389801202,1.13788325332796e-05,0.000246410580375849,0.000246410580375849,"AKR1D1/DHRS7/ADH4/AKR1B15/CBR1/ALDH3A1/AKR1C3/DHRS4/AKR1C4/AKR1B10/AKR7A3",11
"GO:0019200","carbohydrate kinase activity","9/1487","21/18496",0.428571428571429,5.33077144778557,5.87118750209054,1.65269556887904e-05,0.000351828073646114,0.000351828073646114,"FGGY/GALK1/PFKFB1/PFKFB4/HKDC1/GNE/KHK/XYLB/PFKFB3",9
"GO:0004030","aldehyde dehydrogenase [NAD(P)+] activity","8/1487","17/18496",0.470588235294118,5.85339609952925,5.91935281457683,2.15238096646868e-05,0.00045056508231411,0.00045056508231411,"ALDH3A2/ALDH4A1/ALDH1B1/ADH4/ALDH3A1/ALDH1L1/ALDH7A1/ALDH2",8
"GO:0071714","icosanoid transmembrane transporter activity","7/1487","13/18496",0.538461538461538,6.69763592157674,6.07607883885549,2.38152238947156e-05,0.000490359364127259,0.000490359364127259,"SLC22A1/ABCC4/SLCO1B1/SLC22A11/SLCO2B1/ABCC3/SLC22A7",7
"GO:0015645","fatty acid ligase activity","9/1487","22/18496",0.409090909090909,5.08846365470441,5.67328072232825,2.59752562965011e-05,0.000526208417877507,0.000526208417877507,"ACSL5/ACSM3/ACSL4/ACSM5/SLC27A5/ACSM1/ACSL1/SLC27A2/ACSM2B",9
"GO:0015370","solute:sodium symporter activity","18/1487","80/18496",0.225,2.79865501008742,4.7669266965849,5.12148860519471e-05,0.00101018024273009,0.00101018024273009,"SLC4A4/SLC1A2/SLC38A4/MFSD2A/SLC17A4/SLC17A3/SLC22A1/SLC6A12/SLC10A1/SLC17A1/SLC6A1/SLC13A5/SLC38A1/SLC20A2/SLC38A2/SLC17A2/SLC38A3/SLC1A1",18
"GO:0005496","steroid binding","21/1487","102/18496",0.205882352941176,2.56086079354405,4.67379250992292,5.1474152495801e-05,0.00101018024273009,0.00101018024273009,"CETP/ESR1/AKR1D1/ERLIN2/CD81/AR/RORC/APOF/INSIG2/INSIG1/GPER1/CYP3A4/GRAMD1A/RORA/SOAT2/SHBG/HSD11B1/PAQR9/STARD5/NPC1L1/SCP2",21
"GO:0004303","estradiol 17-beta-dehydrogenase [NAD(P)] activity","8/1487","19/18496",0.421052631578947,5.23724914168407,5.46371871776149,5.782138480597e-05,0.00111728706640459,0.00111728706640459,"HSD17B6/HSD17B13/AKR1B15/HSD17B8/AKR1C3/HSD17B2/AKR1C4/HSD17B14",8
"GO:0016836","hydro-lyase activity","15/1487","61/18496",0.245901639344262,3.0586393552868,4.76175316394835,7.23644439103826e-05,0.00137711729623395,0.00137711729623395,"CBS/HACD2/EHHADH/CYP1A1/FH/ECHS1/CA12/CA2/TGDS/CA4/CYP1A2/CA5A/ECHDC3/ENO3/ALAD",15
"GO:0004029","aldehyde dehydrogenase (NAD+) activity","7/1487","15/18496",0.466666666666667,5.80461779869984,5.50408336767132,7.73249412781835e-05,0.00144955412306565,0.00144955412306565,"ALDH3A2/ALDH4A1/ALDH1B1/ALDH3A1/ALDH1L1/ALDH7A1/ALDH2",7
"GO:0016725","oxidoreductase activity, acting on CH or CH2 groups","6/1487","11/18496",0.545454545454545,6.78461820627254,5.67419918140228,8.67048568052573e-05,0.00157827971228121,0.00157827971228121,"ACOX2/CYP1A2/XDH/CYP3A4/CYP2C9/CYP2C8",6
"GO:0030283","testosterone dehydrogenase [NAD(P)] activity","6/1487","11/18496",0.545454545454545,6.78461820627254,5.67419918140228,8.67048568052573e-05,0.00157827971228121,0.00157827971228121,"HSD17B6/SRD5A2/HSD17B8/AKR1C3/HSD17B2/AKR1C4",6
"GO:0042910","xenobiotic transmembrane transporter activity","11/1487","37/18496",0.297297297297297,3.69792253585125,4.85701578012967,0.000105335855847449,0.00186566784105473,0.00186566784105473,"SLC43A3/ABCB11/ABCC2/SLC29A4/SLC17A3/ABCA8/SLC22A1/SLC47A1/ABCC4/SLC2A1/ABCC3",11
"GO:0016835","carbon-oxygen lyase activity","17/1487","77/18496",0.220779220779221,2.74615498825317,4.53981744215137,0.000105463707575546,0.00186566784105473,0.00186566784105473,"CBS/HACD2/EHHADH/CYP1A1/FH/ECHS1/CA12/CA2/ETNPPL/TGDS/CA4/CYP1A2/NTHL1/CA5A/ECHDC3/ENO3/ALAD",17
"GO:0008201","heparin binding","29/1487","174/18496",0.166666666666667,2.07307778524994,4.20496756765528,0.000133226615906737,0.00232406429970641,0.00232406429970641,"GREM2/F11/THBS4/LIPG/SMOC1/ANG/LIPC/PCSK6/APOA5/F2/SERPINA5/ECM2/RSPO3/HRG/CFH/SAA1/MDK/KNG1/SERPIND1/PCOLCE/LPA/VEGFB/TGFBR3/ANGPTL3/NAV2/SERPINC1/FURIN/CLEC3B/SERPINA10",29
"GO:0016597","amino acid binding","13/1487","51/18496",0.254901960784314,3.17058955391168,4.58951431081461,0.000146281435412443,0.00251684223120587,0.00251684223120587,"GNMT/AGXT/DDAH1/GLDC/CPS1/OTC/SHMT1/ASS1/TDO2/TAT/GLUD1/TM4SF5/SLC1A1",13
"GO:0003995","acyl-CoA dehydrogenase activity","6/1487","12/18496",0.5,6.21923335574983,5.3473993573864,0.000161595462057058,0.00260210128645724,0.00260210128645724,"ACADS/ACADSB/GCDH/ACADL/IVD/ACAD11",6
"GO:0004032","alditol:NADP+ 1-oxidoreductase activity","6/1487","12/18496",0.5,6.21923335574983,5.3473993573864,0.000161595462057058,0.00260210128645724,0.00260210128645724,"AKR1D1/ADH4/AKR1B15/AKR1C3/AKR1C4/AKR1B10",6
"GO:0015132","prostaglandin transmembrane transporter activity","6/1487","12/18496",0.5,6.21923335574983,5.3473993573864,0.000161595462057058,0.00260210128645724,0.00260210128645724,"SLC22A1/ABCC4/SLCO1B1/SLC22A11/SLCO2B1/SLC22A7",6
"GO:0052890","oxidoreductase activity, acting on the CH-CH group of donors, with a flavin as acceptor","6/1487","12/18496",0.5,6.21923335574983,5.3473993573864,0.000161595462057058,0.00260210128645724,0.00260210128645724,"ACADS/ACADSB/GCDH/ACADL/IVD/ACAD11",6
"GO:0070008","serine-type exopeptidase activity","6/1487","12/18496",0.5,6.21923335574983,5.3473993573864,0.000161595462057058,0.00260210128645724,0.00260210128645724,"F11/PRCP/HPN/CPVL/CPD/CTSA",6
"GO:0016405","CoA-ligase activity","9/1487","27/18496",0.333333333333333,4.14615557049989,4.8370841930584,0.000169274218058995,0.00269124579597592,0.00269124579597592,"ACSL5/ACSM3/ACSL4/ACSM5/SLC27A5/ACSM1/ACSL1/SLC27A2/ACSM2B",9
"GO:0005324","long-chain fatty acid transporter activity","7/1487","17/18496",0.411764705882353,5.1217215870881,5.02697982548724,0.000202415868400531,0.00313869544087737,0.00313869544087737,"MFSD2A/SLC27A5/FABP1/SLC2A1/SLC27A2/FABP5/FABP4",7
"GO:0030169","low-density lipoprotein particle binding","7/1487","17/18496",0.411764705882353,5.1217215870881,5.02697982548724,0.000202415868400531,0.00313869544087737,0.00313869544087737,"SORL1/CRP/STAB2/LIPC/LDLR/PCSK9/COLEC12",7
"GO:0052689","carboxylic ester hydrolase activity","26/1487","153/18496",0.169934640522876,2.11372636927445,4.09008464876929,0.000210780889904338,0.00322854631365669,0.00322854631365669,"PLA2G7/LCAT/LIPG/PLA2G12B/FAAH/BAAT/LIPC/MGLL/CES2/BCHE/PLA2G1B/PNPLA7/PLA1A/ASPG/PON2/ACOT12/CA2/ALDH2/ABHD6/RGN/PON1/PAFAH1B3/PON3/CHKA/PLA2G4C/BPHL",26
"GO:1901618","organic hydroxy compound transmembrane transporter activity","13/1487","53/18496",0.245283018867925,3.05094466508482,4.42098820630115,0.00022217935681512,0.0033621358091541,0.0033621358091541,"ABCB11/SLC51B/RBP4/SLC44A1/SLC22A1/AQP9/ABCC4/SLC10A1/SLCO1B1/AKR1C4/CEACAM1/ABCC3/SLCO1B3",13
"GO:0016831","carboxy-lyase activity","10/1487","34/18496",0.294117647058824,3.65837256220578,4.5873216483262,0.000238850472246774,0.00356584041118263,0.00356584041118263,"ME1/PCK1/CSAD/ODC1/PCK2/DDC/ACMSD/FAHD1/GOT1/AZIN1",10
"GO:0000287","magnesium ion binding","34/1487","224/18496",0.151785714285714,1.88798155442406,3.95346749021229,0.000241318817635767,0.00356584041118263,0.00356584041118263,"S100P/ME1/PKLR/CLYBL/PKM/PCK1/IMPA1/NUDT7/PGM5/TKT/MAST4/TESC/ATP9A/ATP11C/NEK6/PRIM1/SIK1/PSPH/TOP2A/BRSK1/SPHK1/NME1/RPS6KA3/COMT/HPRT1/PDXK/PGM1/EPHX2/FEN1/IDH2/RAP2A/BRSK2/ENO3/HMGCL",34
"GO:0016209","antioxidant activity","17/1487","83/18496",0.204819277108434,2.54763776018668,4.1782011904734,0.000276524425128614,0.00400072683673168,0.00400072683673168,"APOM/CYGB/HBB/GPX3/PTGS2/APOA4/SOD2/FABP1/CAT/SRXN1/NQO1/GSTM2/HBA2/GPX7/TXNRD1/GSTZ1/HBA1",17
"GO:0005436","sodium:phosphate symporter activity","6/1487","13/18496",0.461538461538462,5.74083078992292,5.05572171295804,0.000279692809053352,0.00400072683673168,0.00400072683673168,"MFSD2A/SLC17A4/SLC17A3/SLC17A1/SLC20A2/SLC17A2",6
"GO:0005283","amino acid:sodium symporter activity","8/1487","23/18496",0.347826086956522,4.32642320399988,4.71971707941147,0.000280305701936614,0.00400072683673168,0.00400072683673168,"SLC1A2/SLC38A4/SLC6A12/SLC6A1/SLC38A1/SLC38A2/SLC38A3/SLC1A1",8
"GO:0004857","enzyme inhibitor activity","51/1487","386/18496",0.132124352331606,1.64342435825514,3.77724527624181,0.000300472423643759,0.00424037487748945,0.00424037487748945,"SERPINE1/SERPINH1/PTTG1/GPC3/PAPLN/FETUB/SOCS3/SERPINA7/SFN/ATP2B4/GCKR/SERPING1/CST1/SPP2/PPP1R16A/TESC/SERPINA3/ADGRV1/PI3/PCSK1N/SERPINA5/SERPINA4/SERPINF2/HRG/AHSG/ITIH1/KNG1/SERPIND1/SERPINA11/IQGAP2/ITIH2/C5/SPOCK1/SERPINF1/LPA/TRIB1/ANGPTL3/BST2/CDKN1A/SERPINC1/SPINK1/FURIN/TXNIP/GBP2/AMBP/PPP1R1A/PROS1/A2M/SERPINA10/SPRY2/SLCO1B3",51
"GO:0015171","amino acid transmembrane transporter activity","17/1487","85/18496",0.2,2.48769334229993,4.06469024144949,0.000371822083636393,0.00518898374497011,0.00518898374497011,"SLC1A2/SLC38A4/SLC7A2/SLC38A6/SLC7A10/SLC47A1/SLC7A5/SLC6A12/SLC16A2/SLC6A1/SLC38A1/SLC38A2/SLC25A15/SLC7A1/SLC16A10/SLC38A3/SLC1A1",17
"GO:0015294","solute:monoatomic cation symporter activity","21/1487","117/18496",0.179487179487179,2.23254530719225,3.95437767874155,0.000388906427991008,0.00536776344567809,0.00536776344567808,"SLC4A4/SLC1A2/SLC38A4/MFSD2A/SLC17A4/SLC17A3/SLC39A14/SLC22A1/SLC6A12/SLC10A1/SLC17A1/SLC6A1/SLC13A5/SLC38A1/SLC20A2/SLC38A2/SLC2A10/SLC2A9/SLC17A2/SLC38A3/SLC1A1",21
"GO:0015291","secondary active transmembrane transporter activity","40/1487","286/18496",0.13986013986014,1.73964569391604,3.72730591394872,0.000415547612768219,0.00567312827866177,0.00567312827866177,"SLC4A4/SLC1A2/SLC6A16/SLC38A4/MFSD2A/SLC17A4/SLC46A3/SLC26A6/SLC17A3/SLC39A14/SLC44A1/SLC22A1/SLC37A4/SLC26A3/TMCO3/SLC47A1/SLC7A5/SLC6A12/SLC10A1/SLC17A1/SLC16A2/SLC6A1/SLC13A5/SLC38A1/SLC20A2/SLCO1B1/SLC38A2/SLC25A15/SLC25A25/SLC22A11/SLC2A10/SLCO2B1/SLC16A10/SLC35C1/SLC22A7/SLC2A9/SLC17A2/SLC38A3/SLC1A1/SLCO1B3",40
"GO:0008238","exopeptidase activity","19/1487","102/18496",0.186274509803922,2.316969289397,3.94349145422909,0.000447327706100834,0.00604132902002847,0.00604132902002847,"F11/MME/PRCP/HPN/CPN1/PEPD/NAALADL1/ACE2/ENPEP/KDM8/CPVL/XPNPEP2/MEP1A/CPD/GGH/CPE/CTSA/ANPEP/CNDP1",19
"GO:0015144","carbohydrate transmembrane transporter activity","11/1487","43/18496",0.255813953488372,3.18193334480224,4.23531267312947,0.000452725267747565,0.00604918017330789,0.00604918017330789,"SLC2A2/ABCB11/SLC2A6/SLC23A3/AQP9/SLC2A1/SLC2A5/SLC2A10/TMEM144/SLC2A9/SLC50A1",11
"GO:0005343","organic acid:sodium symporter activity","10/1487","37/18496",0.27027027027027,3.36174775986477,4.25180707967575,0.000508107838122079,0.0067177204703298,0.0067177204703298,"SLC1A2/SLC38A4/SLC6A12/SLC10A1/SLC6A1/SLC13A5/SLC38A1/SLC38A2/SLC38A3/SLC1A1",10
"GO:0033218","amide binding","52/1487","405/18496",0.128395061728395,1.59703770122959,3.59204064968654,0.000524228736660258,0.00685865930463838,0.00685865930463838,"GNMT/SORL1/ACACB/SRD5A2/FTCD/CRHBP/MME/ANG/MARCO/RXRA/GPR37/CEMIP/FBXO2/BCHE/CPS1/LBP/VIPR1/CLSTN1/LAPTM4B/CD1D/ADCYAP1R1/SLC7A5/MTHFS/GCGR/PANK1/LDLR/KPNA2/PC/ENPEP/GLTPD2/PCCA/TYMS/SRD5A1/GCDH/RAMP1/GHR/TOMM40L/ACADL/PTH1R/HSP90AB1/SOAT2/ADRB2/NQO2/PIK3R1/FURIN/SCP2/RAMP3/ITM2C/SLC1A1/KDELR3/ANPEP/NPR2",52
"GO:0016878","acid-thiol ligase activity","9/1487","31/18496",0.290322580645161,3.61116775495152,4.30213690353822,0.000542814485385247,0.00702860818189557,0.00702860818189557,"ACSL5/ACSM3/ACSL4/ACSM5/SLC27A5/ACSM1/ACSL1/SLC27A2/ACSM2B",9
"GO:0005501","retinoid binding","10/1487","38/18496",0.263157894736842,3.27328071355254,4.14758988253521,0.000640445021745004,0.0080919391739733,0.0080919391739733,"RBP4/RXRA/ADH4/RBP5/SERPINA5/NR2F2/C8G/RBP1/CYP26A1/FABP5",10
"GO:0019840","isoprenoid binding","10/1487","38/18496",0.263157894736842,3.27328071355254,4.14758988253521,0.000640445021745004,0.0080919391739733,0.0080919391739733,"RBP4/RXRA/ADH4/RBP5/SERPINA5/NR2F2/C8G/RBP1/CYP26A1/FABP5",10
"GO:0015179","L-amino acid transmembrane transporter activity","14/1487","66/18496",0.212121212121212,2.63846263577266,3.94265797443472,0.000644262673087046,0.0080919391739733,0.0080919391739733,"SLC1A2/SLC38A4/SLC7A2/SLC38A6/SLC7A10/SLC47A1/SLC7A5/SLC38A1/SLC38A2/SLC25A15/SLC7A1/SLC16A10/SLC38A3/SLC1A1",14
"GO:0016628","oxidoreductase activity, acting on the CH-CH group of donors, NAD or NADP as acceptor","9/1487","32/18496",0.28125,3.49831876260928,4.18218465793442,0.000701882643008027,0.00864351280468884,0.00864351280468884,"BLVRB/SRD5A2/AKR1D1/TM7SF2/DECR2/AKR1C3/SRD5A1/PECR/BLVRA",9
"GO:0004467","long-chain fatty acid-CoA ligase activity","6/1487","15/18496",0.4,4.97538668459987,4.55413118119182,0.000708823104206171,0.00864351280468884,0.00864351280468884,"ACSL5/ACSL4/SLC27A5/ACSM1/ACSL1/SLC27A2",6
"GO:0015562","efflux transmembrane transporter activity","6/1487","15/18496",0.4,4.97538668459987,4.55413118119182,0.000708823104206171,0.00864351280468884,0.00864351280468884,"XPR1/SLC26A6/SLC29A4/SLC17A3/ABCC4/GJA1",6
"GO:0001848","complement binding","8/1487","26/18496",0.307692307692308,3.82722052661528,4.26536472614254,0.00071847019658149,0.00867690929717646,0.00867690929717646,"CRP/CFHR3/APCS/C8G/CFH/C8A/MASP2/CFHR5",8
"GO:0140313","molecular sequestering activity","10/1487","40/18496",0.25,3.10961667787492,3.94918989050265,0.000990770975989551,0.0118515080556464,0.0118515080556464,"YWHAZ/SDCBP/SMAD6/LCN2/C1R/TRIM15/INSIG2/INSIG1/CDKN1A/FTH1",10
"GO:0005159","insulin-like growth factor receptor binding","6/1487","16/18496",0.375,4.66442501681237,4.33568886203221,0.00105735842490664,0.0124116091746051,0.0124116091746051,"GNAS/IRS1/SOCS2/IGF2/IGF1/PIK3R1",6
"GO:0070402","NADPH binding","6/1487","16/18496",0.375,4.66442501681237,4.33568886203221,0.00105735842490664,0.0124116091746051,0.0124116091746051,"HMGCR/CBR4/GRHPR/SRD5A1/QDPR/TP53I3",6
"GO:0032934","sterol binding","13/1487","62/18496",0.209677419354839,2.60806560079832,3.75001561769771,0.00111379538585835,0.012953027820723,0.012953027820723,"CETP/ERLIN2/CD81/RORC/APOF/INSIG2/INSIG1/GRAMD1A/RORA/SOAT2/STARD5/NPC1L1/SCP2",13
"GO:0016747","acyltransferase activity, transferring groups other than amino-acyl groups","32/1487","225/18496",0.142222222222222,1.76902637674662,3.4315837108577,0.00112939623174242,0.0130139602483347,0.0130139602483347,"ELOVL6/DGAT2/GLYAT/GLYATL1/DBT/ELOVL2/ABHD14B/LCAT/ACAT1/ACSM3/GCAT/TGM2/ACAA2/BAAT/GPAM/GPAT3/ASPG/ACSM5/SPHK1/CPT2/SAT2/ACAA1/ACSM1/PAFAH1B3/SOAT2/NAT2/ACSM2B/ALAS1/PLA2G4C/SCP2/NAT8B/NAT8",32
"GO:0016810","hydrolase activity, acting on carbon-nitrogen (but not peptide) bonds","22/1487","136/18496",0.161764705882353,2.01210490921318,3.5026916630277,0.0012291551332224,0.0140347167938849,0.0140347167938849,"TGM2/FAAH/GNPDA1/DDAH1/CDA/ACY1/PGLYRP2/ASPG/AMDHD1/CAT/GLS2/RIDA/GLS/HDAC6/VNN1/GCH1/DPYS/AGMAT/MTHFD1/UPB1/VNN2/ARG1",22
"GO:0001618","virus receptor activity","15/1487","79/18496",0.189873417721519,2.36173418572778,3.58624291678637,0.00140727488749919,0.0159126125470886,0.0159126125470886,"XPR1/HSPA1B/HSPA1A/CD81/EGFR/ACE2/CLEC4G/SLC10A1/LDLR/TFRC/SLC20A2/CD4/SLC7A1/ANPEP/CDK1",15
"GO:0090482","vitamin transmembrane transporter activity","9/1487","35/18496",0.257142857142857,3.19846286867134,3.8491852016619,0.0014189590806321,0.0159126125470886,0.0159126125470886,"SLC2A2/SLC19A3/SLC2A6/RBP4/SLC22A1/SLC23A3/SLC47A1/SLC2A1/SLC2A10",9
"GO:0022804","active transmembrane transporter activity","55/1487","454/18496",0.121145374449339,1.50686270734027,3.23310037299292,0.00146163625982652,0.0162461517021426,0.0162461517021426,"ABCC6/SLC4A4/ABCB11/SLC1A2/SLC6A16/ABCC2/SLC38A4/ATP6V0E2/ATP2B4/ATP6V1C1/MFSD2A/SLC17A4/SLC46A3/ABCA6/SLC26A6/SLC29A4/SLC17A3/ABCG8/SLC39A14/SLC44A1/ABCA8/SLC22A1/SLC37A4/SLC26A3/TMCO3/SLC47A1/SLC7A5/ABCC4/SLC6A12/SLC10A1/SLC17A1/SLC16A2/SLC6A1/SLC13A5/SLC38A1/SLC20A2/SLCO1B1/ABCB4/KCNJ8/SLC38A2/ATP2A2/SLC25A15/SLC25A25/SLC22A11/SLC2A10/SLCO2B1/SLC16A10/SLC35C1/ABCC3/SLC22A7/SLC2A9/SLC17A2/SLC38A3/SLC1A1/SLCO1B3",55
"GO:0034185","apolipoprotein binding","6/1487","17/18496",0.352941176470588,4.39004707464694,4.13460683639765,0.00152369072845544,0.0167873294292985,0.0167873294292985,"LCAT/LIPC/MTTP/PCSK9/LPA/PLG",6
"GO:0005416","amino acid:monoatomic cation symporter activity","8/1487","29/18496",0.275862068965517,3.43130116179301,3.87420719622659,0.00158912254698402,0.0173559819044515,0.0173559819044515,"SLC1A2/SLC38A4/SLC6A12/SLC6A1/SLC38A1/SLC38A2/SLC38A3/SLC1A1",8
"GO:0140272","exogenous protein binding","15/1487","80/18496",0.1875,2.33221250840619,3.53072675762159,0.00160580251784813,0.0173869651932522,0.0173869651932522,"XPR1/HSPA1B/HSPA1A/CD81/EGFR/ACE2/CLEC4G/SLC10A1/LDLR/TFRC/SLC20A2/CD4/SLC7A1/ANPEP/CDK1",15
"GO:0043178","alcohol binding","16/1487","89/18496",0.179775280898876,2.23612884701118,3.45629258929657,0.00180621380578375,0.0193897823937127,0.0193897823937127,"XPR1/CETP/RBP4/ERLIN2/CD81/ADH4/RBP5/APOF/C8G/RBP1/GRAMD1A/ITPR3/SOAT2/STARD5/NPC1L1/SCP2",16
"GO:0015293","symporter activity","23/1487","149/18496",0.154362416107383,1.92003177425834,3.33393164757596,0.00183042085678086,0.0194831236959048,0.0194831236959048,"SLC4A4/SLC1A2/SLC6A16/SLC38A4/MFSD2A/SLC17A4/SLC46A3/SLC17A3/SLC39A14/SLC22A1/SLC6A12/SLC10A1/SLC17A1/SLC6A1/SLC13A5/SLC38A1/SLC20A2/SLC38A2/SLC2A10/SLC2A9/SLC17A2/SLC38A3/SLC1A1",23
"GO:1901682","sulfur compound transmembrane transporter activity","12/1487","58/18496",0.206896551724138,2.57347587134476,3.54862771862163,0.00192602350990123,0.0203284498187895,0.0203284498187895,"ABCC6/SLC1A2/ABCC2/SLC19A3/SLC26A6/SLC22A1/SLC26A3/SLC47A1/ABCC4/SLC25A47/ABCC3/SLC1A1",12
"GO:0051119","sugar transmembrane transporter activity","8/1487","30/18496",0.266666666666667,3.31692445639991,3.75516778960291,0.00201624795616122,0.0211033952744875,0.0211033952744875,"SLC2A2/SLC2A6/SLC23A3/SLC2A1/SLC2A5/SLC2A10/SLC2A9/SLC50A1",8
"GO:0016646","oxidoreductase activity, acting on the CH-NH group of donors, NAD or NADP as acceptor","6/1487","18/18496",0.333333333333333,4.14615557049989,3.94850076423725,0.00213138135216919,0.0221240907299546,0.0221240907299546,"BLVRB/PYCR1/AASS/ALDH1L1/QDPR/MTHFD1",6
"GO:0016702","oxidoreductase activity, acting on single donors with incorporation of molecular oxygen, incorporation of two atoms of oxygen","7/1487","24/18496",0.291666666666667,3.6278861241874,3.80889029518166,0.00218542039337484,0.0223161627160878,0.0223161627160878,"CDO1/HGD/PIR/PTGS2/ADI1/TDO2/HPD",7
"GO:0140416","transcription regulator inhibitor activity","7/1487","24/18496",0.291666666666667,3.6278861241874,3.80889029518166,0.00218542039337484,0.0223161627160878,0.0223161627160878,"DDIT3/LEF1/ID2/SMAD6/HSPA1A/ID1/NR0B2",7
"GO:0016840","carbon-nitrogen lyase activity","5/1487","13/18496",0.384615384615385,4.7840256582691,4.03536458706059,0.00248132778013996,0.0243480288426233,0.0243480288426233,"SDSL/FTCD/SDS/GGACT/HAL",5
"GO:0030955","potassium ion binding","5/1487","13/18496",0.384615384615385,4.7840256582691,4.03536458706059,0.00248132778013996,0.0243480288426233,0.0243480288426233,"PKLR/PKM/ACAT1/CPS1/PDXK",5
"GO:0052650","NADP-retinol dehydrogenase activity","5/1487","13/18496",0.384615384615385,4.7840256582691,4.03536458706059,0.00248132778013996,0.0243480288426233,0.0243480288426233,"DHRS7/AKR1B15/AKR1C3/DHRS4/AKR1B10",5
"GO:0061459","L-arginine transmembrane transporter activity","5/1487","13/18496",0.384615384615385,4.7840256582691,4.03536458706059,0.00248132778013996,0.0243480288426233,0.0243480288426233,"SLC38A4/SLC7A2/SLC47A1/SLC25A15/SLC7A1",5
"GO:1901474","azole transmembrane transporter activity","5/1487","13/18496",0.384615384615385,4.7840256582691,4.03536458706059,0.00248132778013996,0.0243480288426233,0.0243480288426233,"SLC19A3/SLC22A1/SLC47A1/SLC7A1/SLC38A3",5
"GO:0016701","oxidoreductase activity, acting on single donors with incorporation of molecular oxygen","7/1487","25/18496",0.28,3.48277067921991,3.67286249551434,0.00282733708292462,0.0275281812104908,0.0275281812104909,"CDO1/HGD/PIR/PTGS2/ADI1/TDO2/HPD",7
"GO:0031420","alkali metal ion binding","6/1487","19/18496",0.315789473684211,3.92793685626305,3.77542666741331,0.0029053600360208,0.0280702477326317,0.0280702477326317,"PKLR/PKM/IMPA1/ACAT1/CPS1/PDXK",6
"GO:0042562","hormone binding","15/1487","85/18496",0.176470588235294,2.19502353732347,3.26505494939686,0.0029829844216473,0.0286002170502978,0.0286002170502978,"TTR/CRHBP/EGFR/AR/VIPR1/AMHR2/ADCYAP1R1/GCGR/RAMP1/GHR/GPER1/PTH1R/SHBG/PIK3R1/NPR2",15
"GO:0004175","endopeptidase activity","47/1487","389/18496",0.120822622107969,1.50284816308608,2.96368252478645,0.00327092667906994,0.0311233629463018,0.0311233629463018,"PGC/THOP1/CAPN5/F7/PMPCA/F11/HABP2/CTSF/MME/SPG7/F12/MMP12/HPN/MASP1/BMP1/C1R/PCSK6/ADGRG6/CPS1/F2/ACE2/MMP11/C1RL/C2/F9/GPAA1/PCSK9/KLKB1/PROC/KDM8/LPA/MASP2/CTSO/CFI/MEP1A/PROZ/PRSS8/TMPRSS6/PRSS3/MMP9/FURIN/F10/TMPRSS2/HGFAC/PLG/CTSV/HPR",47
"GO:0008559","ABC-type xenobiotic transporter activity","5/1487","14/18496",0.357142857142857,4.44230953982131,3.80962928758035,0.00360638552519828,0.0339107389712349,0.0339107389712349,"ABCB11/ABCC2/ABCA8/ABCC4/ABCC3",5
"GO:0004180","carboxypeptidase activity","10/1487","47/18496",0.212765957446809,2.64648227904248,3.34166442968841,0.00361786546349162,0.0339107389712349,0.0339107389712349,"PRCP/CPN1/PEPD/NAALADL1/ACE2/CPVL/CPD/CPE/CTSA/CNDP1",10
"GO:0140662","ATP-dependent protein folding chaperone","9/1487","40/18496",0.225,2.79865501008742,3.36707149542186,0.00381891814127355,0.0352368638928071,0.0352368638928071,"CCT3/HSPA1B/HSPA1A/HSP90AA1/HSPA5/HSPH1/HSP90AB1/HYOU1/CCT6A",9
"GO:0004601","peroxidase activity","11/1487","55/18496",0.2,2.48769334229993,3.26697485472974,0.00386785764864732,0.0352368638928071,0.0352368638928071,"CYGB/HBB/GPX3/PTGS2/CAT/GSTM2/HBA2/GPX7/TXNRD1/GSTZ1/HBA1",11
"GO:0015174","basic amino acid transmembrane transporter activity","6/1487","20/18496",0.3,3.7315400134499,3.61378115896551,0.00387156625573836,0.0352368638928071,0.0352368638928071,"SLC38A4/SLC7A2/SLC47A1/SLC25A15/SLC7A1/SLC38A3",6
"GO:0016638","oxidoreductase activity, acting on the CH-NH2 group of donors","6/1487","20/18496",0.3,3.7315400134499,3.61378115896551,0.00387156625573836,0.0352368638928071,0.0352368638928071,"DAO/GLDC/LOX/ASPDH/RNLS/GLUD1",6
"GO:0005504","fatty acid binding","10/1487","48/18496",0.208333333333333,2.59134723156243,3.26403034886236,0.00424726583450934,0.0383781718571491,0.0383781718571491,"ACOX2/DBT/RBP5/FABP1/CYP4F11/GSTM2/RBP1/FABP5/SCP2/FABP4",10
"GO:0005044","scavenger receptor activity","7/1487","27/18496",0.259259259259259,3.22478766594436,3.4205191099755,0.00453339014241205,0.0405361592444134,0.0405361592444134,"PRG4/STAB2/LGALS3BP/SCARA3/ACKR2/CXCL16/COLEC12",7
"GO:0016877","ligase activity, forming carbon-sulfur bonds","9/1487","41/18496",0.219512195121951,2.73039513179261,3.27961942249497,0.00455063571135532,0.0405361592444134,0.0405361592444134,"ACSL5/ACSM3/ACSL4/ACSM5/SLC27A5/ACSM1/ACSL1/SLC27A2/ACSM2B",9
"GO:0070492","oligosaccharide binding","5/1487","15/18496",0.333333333333333,4.14615557049989,3.60417899471232,0.00505516673569433,0.0444129998153932,0.0444129998153932,"REG1A/ITLN1/COLEC11/REG3A/ITLN2",5
"GO:0001846","opsonin binding","6/1487","21/18496",0.285714285714286,3.55384763185705,3.46222803008214,0.00505657561592454,0.0444129998153932,0.0444129998153932,"CRP/CFHR3/APCS/CFH/MASP2/CFHR5",6
"GO:0016684","oxidoreductase activity, acting on peroxide as acceptor","11/1487","57/18496",0.192982456140351,2.4004058566052,3.13087641845901,0.00514674944282148,0.0448910923623873,0.0448910923623873,"CYGB/HBB/GPX3/PTGS2/CAT/GSTM2/HBA2/GPX7/TXNRD1/GSTZ1/HBA1",11
"GO:0019838","growth factor binding","20/1487","135/18496",0.148148148148148,1.84273580911106,2.90571776502206,0.00562832782009368,0.0471114025455292,0.0471114025455292,"IGFBP3/ERBB2/SDCBP/IGFBP1/EGFR/PCSK6/TSKU/IGFBP2/IGFBP4/IL1RN/COL4A1/PDGFA/GHR/ERBB3/IGFALS/TGFBR3/COL2A1/SORT1/FURIN/A2M",20
"GO:0015145","monosaccharide transmembrane transporter activity","7/1487","28/18496",0.25,3.10961667787492,3.3030556778268,0.00563222479507485,0.0471114025455292,0.0471114025455292,"SLC2A2/SLC2A6/SLC23A3/SLC2A1/SLC2A5/SLC2A10/SLC2A9",7
"GO:0008172","S-methyltransferase activity","4/1487","10/18496",0.4,4.97538668459987,3.71792963309639,0.00588892531819115,0.0471114025455292,0.0471114025455292,"BHMT2/TPMT/MGMT/BHMT",4
"GO:0008330","protein tyrosine/threonine phosphatase activity","4/1487","10/18496",0.4,4.97538668459987,3.71792963309639,0.00588892531819115,0.0471114025455292,0.0471114025455292,"DUSP1/DUSP6/DUSP9/DUSP5",4
"GO:0008401","retinoic acid 4-hydroxylase activity","4/1487","10/18496",0.4,4.97538668459987,3.71792963309639,0.00588892531819115,0.0471114025455292,0.0471114025455292,"CYP2C18/CYP3A4/CYP26A1/CYP2C8",4
"GO:0015173","aromatic amino acid transmembrane transporter activity","4/1487","10/18496",0.4,4.97538668459987,3.71792963309639,0.00588892531819115,0.0471114025455292,0.0471114025455292,"SLC7A5/SLC7A1/SLC16A10/SLC38A3",4
"GO:0015245","fatty acid transmembrane transporter activity","4/1487","10/18496",0.4,4.97538668459987,3.71792963309639,0.00588892531819115,0.0471114025455292,0.0471114025455292,"SLC43A3/MFSD2A/SLC27A5/SLC27A2",4
"GO:0019203","carbohydrate phosphatase activity","4/1487","10/18496",0.4,4.97538668459987,3.71792963309639,0.00588892531819115,0.0471114025455292,0.0471114025455292,"FBP1/PFKFB1/PFKFB4/PFKFB3",4
"GO:0032052","bile acid binding","4/1487","10/18496",0.4,4.97538668459987,3.71792963309639,0.00588892531819115,0.0471114025455292,0.0471114025455292,"PLA2G1B/FABP1/AKR1C3/AKR1C4",4
"GO:0033550","MAP kinase tyrosine phosphatase activity","4/1487","10/18496",0.4,4.97538668459987,3.71792963309639,0.00588892531819115,0.0471114025455292,0.0471114025455292,"DUSP1/DUSP6/DUSP9/DUSP5",4
"GO:0043121","neurotrophin binding","4/1487","10/18496",0.4,4.97538668459987,3.71792963309639,0.00588892531819115,0.0471114025455292,0.0471114025455292,"PCSK6/SORT1/FURIN/A2M",4
"GO:0043225","ATPase-coupled inorganic anion transmembrane transporter activity","4/1487","10/18496",0.4,4.97538668459987,3.71792963309639,0.00588892531819115,0.0471114025455292,0.0471114025455292,"ABCC6/ABCC2/ABCC4/ABCC3",4
"GO:0050308","sugar-phosphatase activity","4/1487","10/18496",0.4,4.97538668459987,3.71792963309639,0.00588892531819115,0.0471114025455292,0.0471114025455292,"FBP1/PFKFB1/PFKFB4/PFKFB3",4
